日付,商品名,担当者,地域,数量,売上金額,原価,利益額,利益率(%)
2022-01-01,スタンダードプラン,田中 一郎,東京,19,1154752,582482,572270,49.6
2022-01-02,保守サポート,佐藤 花子,大阪,5,90205,21628,68577,76.0
2022-01-03,プレミアムプラン,伊藤 美咲,名古屋,1,131676,47744,83932,63.7
2022-01-03,プレミアムプラン,中村 さくら,東京,3,377437,134527,242910,64.4
2022-01-04,スタンダードプラン,中村 さくら,東京,12,709303,355274,354029,49.9
2022-01-09,保守サポート,佐藤 花子,大阪,4,75139,18854,56285,74.9
2022-01-10,エントリーパッケージ,渡辺 健二,福岡,3,73507,46479,27028,36.8
2022-01-11,エントリーパッケージ,鈴木 太郎,東京,2,51423,31860,19563,38.0
2022-01-12,保守サポート,渡辺 健二,福岡,13,221530,56133,165397,74.7
2022-01-14,エントリーパッケージ,鈴木 太郎,東京,14,356393,222318,134075,37.6
2022-01-14,スタンダードプラン,田中 一郎,東京,18,1090102,558514,531588,48.8
2022-01-16,コンサルティング,田中 一郎,東京,5,775087,222891,552196,71.2
2022-01-17,保守サポート,鈴木 太郎,東京,2,31937,7759,24178,75.7
2022-01-18,コンサルティング,渡辺 健二,札幌,2,255027,76318,178709,70.1
2022-01-19,エントリーパッケージ,鈴木 太郎,東京,7,194312,129123,65189,33.5
2022-01-20,コンサルティング,田中 一郎,東京,4,572957,169906,403051,70.3
2022-01-21,エントリーパッケージ,中村 さくら,東京,8,202227,129863,72364,35.8
2022-01-21,プレミアムプラン,佐藤 花子,大阪,4,431477,147893,283584,65.7
2022-01-21,コンサルティング,中村 さくら,東京,2,280516,80842,199674,71.2
2022-01-21,スタンダードプラン,中村 さくら,東京,11,614480,307216,307264,50.0
2022-01-23,プレミアムプラン,佐藤 花子,大阪,2,264705,95011,169694,64.1
2022-01-24,プレミアムプラン,伊藤 美咲,名古屋,2,219237,73682,145555,66.4
2022-01-24,エントリーパッケージ,鈴木 太郎,東京,14,353413,218307,135106,38.2
2022-01-25,スタンダードプラン,伊藤 美咲,名古屋,5,290921,140537,150384,51.7
2022-01-25,プレミアムプラン,渡辺 健二,福岡,3,340808,115886,224922,66.0
2022-01-26,スタンダードプラン,田中 一郎,東京,12,780047,394069,385978,49.5
2022-01-27,保守サポート,渡辺 健二,福岡,16,254786,66429,188357,73.9
2022-01-28,エントリーパッケージ,佐藤 花子,大阪,8,217318,138123,79195,36.4
2022-02-03,スタンダードプラン,中村 さくら,東京,10,534456,278692,255764,47.9
2022-02-03,エントリーパッケージ,中村 さくら,東京,3,81324,50579,30745,37.8
2022-02-04,スタンダードプラン,渡辺 健二,福岡,15,869879,450421,419458,48.2
2022-02-04,保守サポート,鈴木 太郎,東京,18,339992,85515,254477,74.8
2022-02-05,プレミアムプラン,佐藤 花子,大阪,1,121083,42403,78680,65.0
2022-02-05,エントリーパッケージ,佐藤 花子,大阪,18,428332,282964,145368,33.9
2022-02-06,プレミアムプラン,田中 一郎,札幌,1,132279,47912,84367,63.8
2022-02-08,プレミアムプラン,伊藤 美咲,名古屋,3,334447,119587,214860,64.2
2022-02-09,コンサルティング,田中 一郎,東京,5,790133,235188,554945,70.2
2022-02-11,スタンダードプラン,渡辺 健二,福岡,9,460544,223608,236936,51.4
2022-02-13,スタンダードプラン,佐藤 花子,大阪,2,99307,47181,52126,52.5
2022-02-18,プレミアムプラン,渡辺 健二,福岡,5,533188,184175,349013,65.5
2022-02-18,プレミアムプラン,中村 さくら,東京,2,249615,86086,163529,65.5
2022-02-18,保守サポート,渡辺 健二,福岡,12,204853,50896,153957,75.2
2022-02-19,エントリーパッケージ,伊藤 美咲,名古屋,7,166461,113271,53190,32.0
2022-02-20,エントリーパッケージ,田中 一郎,東京,19,446068,292684,153384,34.4
2022-02-21,プレミアムプラン,伊藤 美咲,名古屋,1,105702,37998,67704,64.1
2022-02-26,スタンダードプラン,伊藤 美咲,名古屋,10,530021,277129,252892,47.7
2022-02-26,スタンダードプラン,佐藤 花子,大阪,4,193222,98815,94407,48.9
2022-02-26,保守サポート,佐藤 花子,大阪,8,156600,41014,115586,73.8
2022-02-28,スタンダードプラン,伊藤 美咲,名古屋,17,915473,476290,439183,48.0
2022-02-28,エントリーパッケージ,鈴木 太郎,東京,2,44601,28923,15678,35.2
2022-02-28,プレミアムプラン,鈴木 太郎,東京,3,394472,142153,252319,64.0
2022-03-01,スタンダードプラン,伊藤 美咲,名古屋,13,732073,371748,360325,49.2
2022-03-01,スタンダードプラン,渡辺 健二,福岡,10,560348,271744,288604,51.5
2022-03-02,コンサルティング,佐藤 花子,大阪,4,876704,254859,621845,70.9
2022-03-09,スタンダードプラン,渡辺 健二,福岡,6,381051,190042,191009,50.1
2022-03-09,スタンダードプラン,伊藤 美咲,名古屋,18,1036234,493641,542593,52.4
2022-03-10,エントリーパッケージ,中村 さくら,東京,10,244364,164137,80227,32.8
2022-03-11,保守サポート,佐藤 花子,大阪,10,180307,45829,134478,74.6
2022-03-17,スタンダードプラン,佐藤 花子,大阪,15,887425,451505,435920,49.1
2022-03-17,エントリーパッケージ,佐藤 花子,大阪,15,385138,255828,129310,33.6
2022-03-19,プレミアムプラン,渡辺 健二,札幌,1,148394,53943,94451,63.6
2022-03-20,スタンダードプラン,渡辺 健二,福岡,3,170659,86727,83932,49.2
2022-03-22,エントリーパッケージ,田中 一郎,東京,4,98955,66259,32696,33.0
2022-03-22,スタンダードプラン,田中 一郎,東京,7,411980,215061,196919,47.8
2022-03-22,エントリーパッケージ,中村 さくら,東京,7,169297,105310,63987,37.8
2022-03-22,保守サポート,中村 さくら,東京,11,211419,52388,159031,75.2
2022-03-23,保守サポート,渡辺 健二,福岡,14,234995,60535,174460,74.2
2022-03-24,プレミアムプラン,鈴木 太郎,札幌,1,135902,47254,88648,65.2
2022-03-25,スタンダードプラン,田中 一郎,東京,13,747850,387549,360301,48.2
2022-03-28,プレミアムプラン,佐藤 花子,大阪,4,578350,208910,369440,63.9
2022-03-28,コンサルティング,渡辺 健二,福岡,2,427587,123248,304339,71.2
2022-04-03,コンサルティング,中村 さくら,東京,4,906769,265899,640870,70.7
2022-04-03,エントリーパッケージ,渡辺 健二,福岡,12,302357,199706,102651,34.0
2022-04-05,エントリーパッケージ,鈴木 太郎,東京,11,300939,187406,113533,37.7
2022-04-06,プレミアムプラン,伊藤 美咲,名古屋,4,628722,225925,402797,64.1
2022-04-08,プレミアムプラン,田中 一郎,東京,2,324424,114926,209498,64.6
2022-04-09,スタンダードプラン,渡辺 健二,福岡,15,886084,453277,432807,48.8
2022-04-10,エントリーパッケージ,中村 さくら,札幌,4,106667,67002,39665,37.2
2022-04-13,スタンダードプラン,鈴木 太郎,東京,7,415433,204341,211092,50.8
2022-04-13,プレミアムプラン,鈴木 太郎,東京,5,781922,286211,495711,63.4
2022-04-15,プレミアムプラン,佐藤 花子,大阪,1,155138,52320,102818,66.3
2022-04-15,スタンダードプラン,伊藤 美咲,名古屋,3,176322,86670,89652,50.8
2022-04-18,エントリーパッケージ,佐藤 花子,大阪,15,412758,281190,131568,31.9
2022-04-20,スタンダードプラン,渡辺 健二,福岡,18,1144156,574717,569439,49.8
2022-04-21,エントリーパッケージ,鈴木 太郎,札幌,8,207206,138471,68735,33.2
2022-04-21,エントリーパッケージ,鈴木 太郎,東京,16,362131,246231,115900,32.0
2022-04-21,保守サポート,佐藤 花子,大阪,14,232412,58229,174183,74.9
2022-04-22,保守サポート,佐藤 花子,大阪,14,251131,62084,189047,75.3
2022-04-23,スタンダードプラン,鈴木 太郎,東京,13,855785,431490,424295,49.6
2022-04-24,スタンダードプラン,伊藤 美咲,札幌,9,583404,290835,292569,50.1
2022-04-25,プレミアムプラン,渡辺 健二,福岡,4,528849,182353,346496,65.5
2022-04-28,保守サポート,中村 さくら,東京,8,130241,33447,96794,74.3
2022-05-01,エントリーパッケージ,佐藤 花子,札幌,10,233648,147002,86646,37.1
2022-05-05,エントリーパッケージ,田中 一郎,東京,2,50640,33565,17075,33.7
2022-05-07,エントリーパッケージ,中村 さくら,東京,4,110742,69878,40864,36.9
2022-05-08,エントリーパッケージ,伊藤 美咲,名古屋,15,401363,250269,151094,37.6
2022-05-08,プレミアムプラン,中村 さくら,東京,4,676840,243781,433059,64.0
2022-05-09,スタンダードプラン,伊藤 美咲,名古屋,9,589289,300572,288717,49.0
2022-05-09,スタンダードプラン,伊藤 美咲,名古屋,12,755053,368877,386176,51.1
2022-05-09,コンサルティング,田中 一郎,東京,5,1027349,297386,729963,71.1
2022-05-10,コンサルティング,田中 一郎,東京,3,675054,209082,465972,69.0
2022-05-10,プレミアムプラン,佐藤 花子,大阪,2,302216,106440,195776,64.8
2022-05-10,エントリーパッケージ,佐藤 花子,大阪,10,271609,185197,86412,31.8
2022-05-12,スタンダードプラン,中村 さくら,東京,19,1104163,555033,549130,49.7
2022-05-14,スタンダードプラン,田中 一郎,東京,6,364492,175986,188506,51.7
2022-05-15,コンサルティング,渡辺 健二,福岡,3,720450,210598,509852,70.8
2022-05-15,エントリーパッケージ,伊藤 美咲,名古屋,1,25444,16487,8957,35.2
2022-05-16,スタンダードプラン,佐藤 花子,大阪,13,862868,431454,431414,50.0
2022-05-16,エントリーパッケージ,伊藤 美咲,名古屋,1,24965,15943,9022,36.1
2022-05-16,スタンダードプラン,鈴木 太郎,札幌,16,871085,416611,454474,52.2
2022-05-17,スタンダードプラン,鈴木 太郎,東京,9,569106,298114,270992,47.6
2022-05-18,エントリーパッケージ,佐藤 花子,大阪,3,70344,45295,25049,35.6
2022-05-22,コンサルティング,田中 一郎,東京,3,705591,214324,491267,69.6
2022-05-23,スタンダードプラン,佐藤 花子,大阪,2,112266,57294,54972,49.0
2022-05-23,スタンダードプラン,伊藤 美咲,名古屋,4,253989,132720,121269,47.7
2022-06-01,保守サポート,田中 一郎,東京,15,244061,63519,180542,74.0
2022-06-06,保守サポート,渡辺 健二,福岡,9,164964,42326,122638,74.3
2022-06-08,プレミアムプラン,鈴木 太郎,東京,3,461201,153766,307435,66.7
2022-06-08,スタンダードプラン,伊藤 美咲,名古屋,1,73494,37147,36347,49.5
2022-06-10,スタンダードプラン,伊藤 美咲,名古屋,2,122608,61605,61003,49.8
2022-06-11,エントリーパッケージ,佐藤 花子,大阪,3,74450,50663,23787,32.0
2022-06-13,エントリーパッケージ,鈴木 太郎,東京,7,195192,123560,71632,36.7
2022-06-13,エントリーパッケージ,佐藤 花子,大阪,11,298254,200831,97423,32.7
2022-06-13,エントリーパッケージ,佐藤 花子,大阪,9,215456,146631,68825,31.9
2022-06-13,エントリーパッケージ,佐藤 花子,大阪,16,375398,245259,130139,34.7
2022-06-14,スタンダードプラン,佐藤 花子,大阪,3,187367,96400,90967,48.6
2022-06-17,スタンダードプラン,中村 さくら,札幌,5,329630,157184,172446,52.3
2022-06-17,保守サポート,佐藤 花子,大阪,5,89964,22978,66986,74.5
2022-06-17,コンサルティング,渡辺 健二,福岡,5,990874,284010,706864,71.3
2022-06-18,エントリーパッケージ,伊藤 美咲,名古屋,15,378472,242196,136276,36.0
2022-06-19,スタンダードプラン,伊藤 美咲,名古屋,1,62560,30649,31911,51.0
2022-06-21,エントリーパッケージ,田中 一郎,東京,3,73811,46050,27761,37.6
2022-06-21,保守サポート,佐藤 花子,大阪,18,287911,68871,219040,76.1
2022-06-22,プレミアムプラン,鈴木 太郎,東京,2,281582,97686,183896,65.3
2022-06-25,プレミアムプラン,佐藤 花子,大阪,3,467559,162016,305543,65.3
2022-06-26,スタンダードプラン,伊藤 美咲,名古屋,11,768637,392205,376432,49.0
2022-06-26,エントリーパッケージ,田中 一郎,東京,10,274205,170141,104064,38.0
2022-06-27,スタンダードプラン,伊藤 美咲,名古屋,6,443229,220193,223036,50.3
2022-06-27,エントリーパッケージ,田中 一郎,東京,18,440062,278165,161897,36.8
2022-06-28,スタンダードプラン,鈴木 太郎,東京,14,887034,451062,435972,49.1
2022-07-04,プレミアムプラン,渡辺 健二,福岡,3,476628,164129,312499,65.6
2022-07-08,スタンダードプラン,田中 一郎,札幌,12,738258,367087,371171,50.3
2022-07-10,エントリーパッケージ,伊藤 美咲,名古屋,4,109681,72335,37346,34.0
2022-07-12,スタンダードプラン,田中 一郎,東京,13,954220,491642,462578,48.5
2022-07-13,スタンダードプラン,中村 さくら,札幌,9,587846,288106,299740,51.0
2022-07-16,スタンダードプラン,佐藤 花子,大阪,2,146137,71639,74498,51.0
2022-07-19,スタンダードプラン,中村 さくら,東京,6,355499,185663,169836,47.8
2022-07-19,プレミアムプラン,鈴木 太郎,東京,5,782964,273973,508991,65.0
2022-07-20,エントリーパッケージ,佐藤 花子,大阪,14,363013,243832,119181,32.8
2022-07-20,エントリーパッケージ,佐藤 花子,大阪,4,104196,67534,36662,35.2
2022-07-22,スタンダードプラン,中村 さくら,札幌,13,811560,408455,403105,49.7
2022-07-22,コンサルティング,佐藤 花子,大阪,2,371803,112889,258914,69.6
2022-07-23,コンサルティング,鈴木 太郎,東京,5,869535,255535,614000,70.6
2022-07-23,保守サポート,佐藤 花子,大阪,3,55754,13888,41866,75.1
2022-07-24,プレミアムプラン,中村 さくら,東京,2,291982,100875,191107,65.5
2022-07-24,コンサルティング,鈴木 太郎,東京,2,324587,95380,229207,70.6
2022-07-24,プレミアムプラン,佐藤 花子,大阪,5,682245,235647,446598,65.5
2022-07-25,エントリーパッケージ,渡辺 健二,札幌,16,431952,292081,139871,32.4
2022-07-26,プレミアムプラン,佐藤 花子,大阪,4,564767,187970,376797,66.7
2022-07-27,スタンダードプラン,中村 さくら,東京,12,797864,415427,382437,47.9
2022-08-01,保守サポート,渡辺 健二,福岡,7,130285,32887,97398,74.8
2022-08-03,コンサルティング,佐藤 花子,大阪,4,840781,250810,589971,70.2
2022-08-03,スタンダードプラン,田中 一郎,東京,16,860267,444404,415863,48.3
2022-08-04,スタンダードプラン,伊藤 美咲,名古屋,4,231366,116333,115033,49.7
2022-08-04,スタンダードプラン,渡辺 健二,札幌,10,593335,299795,293540,49.5
2022-08-04,プレミアムプラン,伊藤 美咲,名古屋,1,160966,54590,106376,66.1
2022-08-04,プレミアムプラン,渡辺 健二,福岡,2,333185,120095,213090,64.0
2022-08-05,保守サポート,田中 一郎,東京,5,91432,22631,68801,75.2
2022-08-10,エントリーパッケージ,佐藤 花子,大阪,1,20774,13776,6998,33.7
2022-08-11,エントリーパッケージ,田中 一郎,東京,12,288791,182794,105997,36.7
2022-08-11,エントリーパッケージ,田中 一郎,札幌,17,356349,229769,126580,35.5
2022-08-14,エントリーパッケージ,伊藤 美咲,名古屋,12,294209,199671,94538,32.1
2022-08-14,保守サポート,佐藤 花子,大阪,13,229281,54999,174282,76.0
2022-08-15,コンサルティング,中村 さくら,東京,5,1053001,306897,746104,70.9
2022-08-16,プレミアムプラン,伊藤 美咲,名古屋,4,682705,227743,454962,66.6
2022-08-16,プレミアムプラン,田中 一郎,東京,4,664131,238156,425975,64.1
2022-08-17,コンサルティング,伊藤 美咲,名古屋,5,954987,275139,679848,71.2
2022-08-18,スタンダードプラン,伊藤 美咲,名古屋,5,304058,153343,150715,49.6
2022-08-18,プレミアムプラン,田中 一郎,東京,5,766630,277170,489460,63.8
2022-08-20,スタンダードプラン,中村 さくら,東京,4,237235,115314,121921,51.4
2022-08-20,エントリーパッケージ,佐藤 花子,大阪,18,451125,302568,148557,32.9
2022-08-20,スタンダードプラン,田中 一郎,東京,11,703459,361881,341578,48.6
2022-08-23,スタンダードプラン,田中 一郎,東京,9,556111,280429,275682,49.6
2022-09-01,スタンダードプラン,伊藤 美咲,名古屋,8,467934,236290,231644,49.5
2022-09-02,コンサルティング,佐藤 花子,大阪,5,1077366,321973,755393,70.1
2022-09-02,スタンダードプラン,伊藤 美咲,名古屋,2,110080,56440,53640,48.7
2022-09-03,エントリーパッケージ,鈴木 太郎,東京,2,49234,31873,17361,35.3
2022-09-06,スタンダードプラン,伊藤 美咲,名古屋,8,434243,211823,222420,51.2
2022-09-08,スタンダードプラン,佐藤 花子,大阪,13,849362,435119,414243,48.8
2022-09-08,プレミアムプラン,伊藤 美咲,札幌,3,486621,176184,310437,63.8
2022-09-09,エントリーパッケージ,中村 さくら,東京,14,348795,225402,123393,35.4
2022-09-10,コンサルティング,佐藤 花子,大阪,4,860533,256667,603866,70.2
2022-09-11,エントリーパッケージ,伊藤 美咲,名古屋,19,491301,334882,156419,31.8
2022-09-11,コンサルティング,佐藤 花子,大阪,4,911504,270854,640650,70.3
2022-09-15,スタンダードプラン,伊藤 美咲,名古屋,2,112735,56016,56719,50.3
2022-09-15,プレミアムプラン,渡辺 健二,福岡,1,184968,64784,120184,65.0
2022-09-15,エントリーパッケージ,伊藤 美咲,名古屋,6,166246,109442,56804,34.2
2022-09-16,スタンダードプラン,佐藤 花子,札幌,9,512712,246614,266098,51.9
2022-09-19,スタンダードプラン,佐藤 花子,大阪,14,761555,387563,373992,49.1
2022-09-21,エントリーパッケージ,中村 さくら,札幌,2,49396,33102,16294,33.0
2022-09-25,スタンダードプラン,中村 さくら,東京,4,241762,117180,124582,51.5
2022-09-27,エントリーパッケージ,鈴木 太郎,東京,18,471996,306805,165191,35.0
2022-09-27,スタンダードプラン,佐藤 花子,大阪,2,118575,61131,57444,48.4
2022-10-01,コンサルティング,伊藤 美咲,名古屋,4,986576,307985,678591,68.8
2022-10-03,スタンダードプラン,鈴木 太郎,東京,7,431679,208016,223663,51.8
2022-10-04,スタンダードプラン,渡辺 健二,福岡,4,281498,137056,144442,51.3
2022-10-08,スタンダードプラン,田中 一郎,東京,14,824930,412547,412383,50.0
2022-10-10,スタンダードプラン,伊藤 美咲,名古屋,5,337527,176155,161372,47.8
2022-10-10,保守サポート,渡辺 健二,福岡,14,252513,60086,192427,76.2
2022-10-11,エントリーパッケージ,中村 さくら,東京,11,250805,160615,90190,36.0
2022-10-12,スタンダードプラン,伊藤 美咲,名古屋,11,653080,331882,321198,49.2
2022-10-12,エントリーパッケージ,伊藤 美咲,名古屋,5,118738,73332,45406,38.2
2022-10-13,エントリーパッケージ,伊藤 美咲,名古屋,3,71934,47028,24906,34.6
2022-10-13,エントリーパッケージ,伊藤 美咲,名古屋,13,354119,219670,134449,38.0
2022-10-15,スタンダードプラン,中村 さくら,東京,20,1417905,685240,732665,51.7
2022-10-17,スタンダードプラン,佐藤 花子,大阪,17,1249814,597890,651924,52.2
2022-10-17,スタンダードプラン,伊藤 美咲,名古屋,15,1054018,541666,512352,48.6
2022-10-20,プレミアムプラン,佐藤 花子,大阪,1,163189,59430,103759,63.6
2022-10-20,スタンダードプラン,伊藤 美咲,名古屋,11,791582,400462,391120,49.4
2022-10-21,エントリーパッケージ,佐藤 花子,札幌,20,456607,289374,167233,36.6
2022-10-22,エントリーパッケージ,鈴木 太郎,東京,10,243244,162448,80796,33.2
2022-10-23,スタンダードプラン,田中 一郎,東京,1,63127,30298,32829,52.0
2022-10-23,エントリーパッケージ,伊藤 美咲,名古屋,2,47442,31854,15588,32.9
2022-10-24,保守サポート,田中 一郎,東京,12,230956,56842,174114,75.4
2022-10-24,エントリーパッケージ,伊藤 美咲,名古屋,5,130103,87348,42755,32.9
2022-10-25,スタンダードプラン,田中 一郎,東京,17,1216561,595206,621355,51.1
2022-10-25,プレミアムプラン,中村 さくら,東京,2,400572,141750,258822,64.6
2022-10-27,エントリーパッケージ,佐藤 花子,大阪,10,277935,185795,92140,33.2
2022-10-27,プレミアムプラン,佐藤 花子,大阪,4,649448,236637,412811,63.6
2022-11-01,プレミアムプラン,伊藤 美咲,名古屋,5,1045456,372474,672982,64.4
2022-11-02,エントリーパッケージ,田中 一郎,札幌,10,255305,170779,84526,33.1
2022-11-02,エントリーパッケージ,渡辺 健二,福岡,9,255784,171105,84679,33.1
2022-11-02,スタンダードプラン,佐藤 花子,大阪,6,451674,222484,229190,50.7
2022-11-03,スタンダードプラン,田中 一郎,東京,15,995152,508192,486960,48.9
2022-11-03,プレミアムプラン,伊藤 美咲,名古屋,4,804660,290403,514257,63.9
2022-11-03,プレミアムプラン,伊藤 美咲,名古屋,5,867639,314720,552919,63.7
2022-11-07,保守サポート,渡辺 健二,福岡,12,216453,52064,164389,75.9
2022-11-09,スタンダードプラン,伊藤 美咲,名古屋,17,1184915,581460,603455,50.9
2022-11-10,保守サポート,鈴木 太郎,東京,11,179115,44008,135107,75.4
2022-11-10,コンサルティング,鈴木 太郎,札幌,3,693191,208997,484194,69.9
2022-11-12,プレミアムプラン,田中 一郎,東京,2,373401,133426,239975,64.3
2022-11-12,スタンダードプラン,佐藤 花子,大阪,20,1320228,656808,663420,50.3
2022-11-14,スタンダードプラン,田中 一郎,東京,11,748893,385655,363238,48.5
2022-11-15,コンサルティング,鈴木 太郎,東京,1,212655,64257,148398,69.8
2022-11-16,プレミアムプラン,伊藤 美咲,名古屋,2,436459,149485,286974,65.8
2022-11-16,保守サポート,伊藤 美咲,名古屋,11,220511,55106,165405,75.0
2022-11-18,スタンダードプラン,中村 さくら,東京,6,431900,213509,218391,50.6
2022-11-18,保守サポート,佐藤 花子,大阪,3,50767,12863,37904,74.7
2022-11-19,スタンダードプラン,佐藤 花子,大阪,17,1265416,638516,626900,49.5
2022-11-20,スタンダードプラン,伊藤 美咲,名古屋,3,227771,109090,118681,52.1
2022-11-21,プレミアムプラン,佐藤 花子,大阪,1,177507,60487,117020,65.9
2022-11-21,スタンダードプラン,佐藤 花子,大阪,19,1228053,643031,585022,47.6
2022-11-21,プレミアムプラン,佐藤 花子,大阪,2,425377,153054,272323,64.0
2022-11-21,プレミアムプラン,伊藤 美咲,名古屋,2,414987,144033,270954,65.3
2022-11-21,スタンダードプラン,鈴木 太郎,東京,18,1287726,614027,673699,52.3
2022-11-24,コンサルティング,佐藤 花子,大阪,1,209930,66125,143805,68.5
2022-11-27,エントリーパッケージ,伊藤 美咲,名古屋,14,385264,259642,125622,32.6
2022-12-03,エントリーパッケージ,佐藤 花子,大阪,16,523669,340295,183374,35.0
2022-12-07,スタンダードプラン,佐藤 花子,大阪,6,496694,247955,248739,50.1
2022-12-07,スタンダードプラン,渡辺 健二,福岡,11,1020188,521373,498815,48.9
2022-12-09,プレミアムプラン,中村 さくら,東京,1,215232,75078,140154,65.1
2022-12-10,保守サポート,佐藤 花子,大阪,7,141372,33747,107625,76.1
2022-12-13,スタンダードプラン,中村 さくら,東京,11,975936,505572,470364,48.2
2022-12-13,スタンダードプラン,佐藤 花子,大阪,11,1019660,500578,519082,50.9
2022-12-13,スタンダードプラン,中村 さくら,札幌,20,1526304,799408,726896,47.6
2022-12-14,スタンダードプラン,田中 一郎,東京,10,929789,481824,447965,48.2
2022-12-14,スタンダードプラン,佐藤 花子,大阪,1,81346,41379,39967,49.1
2022-12-14,スタンダードプラン,渡辺 健二,福岡,10,847396,438407,408989,48.3
2022-12-17,スタンダードプラン,渡辺 健二,札幌,12,1069681,518744,550937,51.5
2022-12-17,スタンダードプラン,田中 一郎,東京,5,441530,227475,214055,48.5
2022-12-18,エントリーパッケージ,鈴木 太郎,東京,3,87545,56621,30924,35.3
2022-12-18,保守サポート,伊藤 美咲,名古屋,19,361426,93322,268104,74.2
2022-12-19,プレミアムプラン,鈴木 太郎,東京,4,871042,301833,569209,65.3
2022-12-22,スタンダードプラン,佐藤 花子,大阪,10,836561,431025,405536,48.5
2022-12-26,エントリーパッケージ,伊藤 美咲,名古屋,20,596340,405725,190615,32.0
2023-01-01,コンサルティング,中村 さくら,東京,4,649521,199115,450406,69.3
2023-01-02,保守サポート,渡辺 健二,福岡,14,308132,74535,233597,75.8
2023-01-04,コンサルティング,中村 さくら,東京,2,278344,87245,191099,68.7
2023-01-05,コンサルティング,佐藤 花子,大阪,4,652677,189631,463046,70.9
2023-01-05,エントリーパッケージ,伊藤 美咲,名古屋,12,379767,239915,139852,36.8
2023-01-06,スタンダードプラン,佐藤 花子,大阪,1,74691,39130,35561,47.6
2023-01-07,スタンダードプラン,伊藤 美咲,名古屋,5,364309,181571,182738,50.2
2023-01-08,スタンダードプラン,中村 さくら,東京,9,620777,300836,319941,51.5
2023-01-09,スタンダードプラン,田中 一郎,札幌,9,587900,292384,295516,50.3
2023-01-10,コンサルティング,中村 さくら,東京,5,710109,223322,486787,68.6
2023-01-10,保守サポート,佐藤 花子,大阪,6,133634,34952,98682,73.8
2023-01-10,スタンダードプラン,伊藤 美咲,札幌,16,1114046,571277,542769,48.7
2023-01-13,エントリーパッケージ,伊藤 美咲,名古屋,6,189721,125029,64692,34.1
2023-01-14,スタンダードプラン,中村 さくら,東京,8,555398,265271,290127,52.2
2023-01-16,スタンダードプラン,鈴木 太郎,東京,10,705046,359229,345817,49.0
2023-01-17,スタンダードプラン,佐藤 花子,大阪,5,328981,159619,169362,51.5
2023-01-18,スタンダードプラン,中村 さくら,東京,9,573997,289107,284890,49.6
2023-01-18,スタンダードプラン,伊藤 美咲,名古屋,11,820219,408455,411764,50.2
2023-01-18,エントリーパッケージ,中村 さくら,札幌,2,64642,42095,22547,34.9
2023-01-19,エントリーパッケージ,中村 さくら,札幌,9,253068,166397,86671,34.2
2023-01-23,スタンダードプラン,伊藤 美咲,名古屋,10,617119,314300,302819,49.1
2023-01-23,スタンダードプラン,鈴木 太郎,札幌,5,319102,156162,162940,51.1
2023-01-23,保守サポート,中村 さくら,東京,19,338126,85830,252296,74.6
2023-01-25,エントリーパッケージ,伊藤 美咲,名古屋,6,185874,123490,62384,33.6
2023-01-25,スタンダードプラン,佐藤 花子,大阪,14,986396,513557,472839,47.9
2023-01-27,プレミアムプラン,中村 さくら,札幌,3,427134,145221,281913,66.0
2023-01-28,スタンダードプラン,伊藤 美咲,名古屋,19,1194743,611629,583114,48.8
2023-02-02,エントリーパッケージ,渡辺 健二,福岡,8,208198,129927,78271,37.6
2023-02-04,保守サポート,田中 一郎,東京,18,330916,85709,245207,74.1
2023-02-05,スタンダードプラン,佐藤 花子,大阪,17,1014707,484808,529899,52.2
2023-02-06,エントリーパッケージ,伊藤 美咲,名古屋,14,383369,244203,139166,36.3
2023-02-07,スタンダードプラン,伊藤 美咲,名古屋,12,654774,334739,320035,48.9
2023-02-08,保守サポート,田中 一郎,東京,4,85418,21897,63521,74.4
2023-02-08,スタンダードプラン,伊藤 美咲,名古屋,8,511772,253385,258387,50.5
2023-02-09,保守サポート,佐藤 花子,大阪,18,365492,90353,275139,75.3
2023-02-10,エントリーパッケージ,伊藤 美咲,名古屋,16,416699,281879,134820,32.4
2023-02-10,エントリーパッケージ,佐藤 花子,大阪,3,93800,60799,33001,35.2
2023-02-10,プレミアムプラン,佐藤 花子,大阪,2,290400,104243,186157,64.1
2023-02-12,プレミアムプラン,田中 一郎,東京,2,273852,91489,182363,66.6
2023-02-13,エントリーパッケージ,伊藤 美咲,名古屋,8,226799,151480,75319,33.2
2023-02-15,エントリーパッケージ,佐藤 花子,大阪,10,304026,190588,113438,37.3
2023-02-15,スタンダードプラン,伊藤 美咲,名古屋,18,1057098,514260,542838,51.4
2023-02-15,コンサルティング,渡辺 健二,福岡,5,976238,280625,695613,71.3
2023-02-17,エントリーパッケージ,中村 さくら,東京,4,100220,65453,34767,34.7
2023-02-20,スタンダードプラン,中村 さくら,東京,4,214760,109100,105660,49.2
2023-02-21,保守サポート,佐藤 花子,大阪,18,362498,94904,267594,73.8
2023-02-22,保守サポート,佐藤 花子,大阪,8,153606,37031,116575,75.9
2023-02-22,スタンダードプラン,佐藤 花子,大阪,11,721879,358840,363039,50.3
2023-02-24,エントリーパッケージ,佐藤 花子,大阪,2,56762,37233,19529,34.4
2023-02-24,エントリーパッケージ,佐藤 花子,大阪,18,499449,334605,164844,33.0
2023-02-26,プレミアムプラン,中村 さくら,東京,5,597738,200270,397468,66.5
2023-02-27,エントリーパッケージ,伊藤 美咲,名古屋,5,140130,89165,50965,36.4
2023-02-28,スタンダードプラン,伊藤 美咲,名古屋,12,811606,401033,410573,50.6
2023-03-01,保守サポート,伊藤 美咲,名古屋,1,20315,5033,15282,75.2
2023-03-03,エントリーパッケージ,佐藤 花子,大阪,2,50592,32003,18589,36.7
2023-03-04,エントリーパッケージ,鈴木 太郎,東京,12,337033,219011,118022,35.0
2023-03-07,保守サポート,佐藤 花子,大阪,6,133407,32733,100674,75.5
2023-03-09,エントリーパッケージ,佐藤 花子,大阪,2,61700,40844,20856,33.8
2023-03-13,スタンダードプラン,鈴木 太郎,東京,14,869842,438655,431187,49.6
2023-03-14,エントリーパッケージ,鈴木 太郎,東京,1,28014,18569,9445,33.7
2023-03-15,エントリーパッケージ,渡辺 健二,福岡,13,327223,222463,104760,32.0
2023-03-15,スタンダードプラン,伊藤 美咲,名古屋,11,655751,320443,335308,51.1
2023-03-16,エントリーパッケージ,佐藤 花子,大阪,12,309329,205493,103836,33.6
2023-03-16,スタンダードプラン,鈴木 太郎,東京,8,522096,269750,252346,48.3
2023-03-16,保守サポート,伊藤 美咲,名古屋,3,59105,14594,44511,75.3
2023-03-19,エントリーパッケージ,伊藤 美咲,名古屋,3,79953,52301,27652,34.6
2023-03-19,コンサルティング,伊藤 美咲,名古屋,2,434098,129108,304990,70.3
2023-03-20,プレミアムプラン,鈴木 太郎,東京,3,450832,159964,290868,64.5
2023-03-20,コンサルティング,渡辺 健二,福岡,1,225310,65842,159468,70.8
2023-03-21,エントリーパッケージ,佐藤 花子,札幌,10,292367,196649,95718,32.7
2023-03-23,エントリーパッケージ,伊藤 美咲,名古屋,5,151509,95835,55674,36.7
2023-03-23,プレミアムプラン,佐藤 花子,大阪,1,151147,51072,100075,66.2
2023-03-23,コンサルティング,佐藤 花子,大阪,4,950966,275017,675949,71.1
2023-03-24,エントリーパッケージ,鈴木 太郎,札幌,9,267928,173955,93973,35.1
2023-03-24,コンサルティング,伊藤 美咲,名古屋,3,680598,205895,474703,69.7
2023-03-26,プレミアムプラン,田中 一郎,東京,1,167994,58409,109585,65.2
2023-03-27,スタンダードプラン,渡辺 健二,福岡,17,1014585,524880,489705,48.3
2023-03-28,スタンダードプラン,田中 一郎,札幌,17,1257321,611671,645650,51.4
2023-04-01,プレミアムプラン,佐藤 花子,大阪,3,560333,194752,365581,65.2
2023-04-01,スタンダードプラン,中村 さくら,東京,7,464707,230716,233991,50.4
2023-04-04,プレミアムプラン,中村 さくら,東京,1,148750,51245,97505,65.5
2023-04-05,保守サポート,渡辺 健二,札幌,17,315542,77944,237598,75.3
2023-04-07,コンサルティング,鈴木 太郎,東京,4,953670,298462,655208,68.7
2023-04-08,プレミアムプラン,中村 さくら,東京,5,851691,303685,548006,64.3
2023-04-09,スタンダードプラン,伊藤 美咲,名古屋,16,982090,481363,500727,51.0
2023-04-10,スタンダードプラン,佐藤 花子,大阪,12,902723,450583,452140,50.1
2023-04-10,スタンダードプラン,田中 一郎,東京,3,185498,90671,94827,51.1
2023-04-11,スタンダードプラン,佐藤 花子,大阪,4,264810,135010,129800,49.0
2023-04-11,エントリーパッケージ,中村 さくら,東京,8,224859,146917,77942,34.7
2023-04-11,保守サポート,鈴木 太郎,東京,20,446482,108281,338201,75.7
2023-04-12,保守サポート,佐藤 花子,大阪,4,85845,21799,64046,74.6
2023-04-15,プレミアムプラン,佐藤 花子,大阪,1,151530,55384,96146,63.5
2023-04-17,スタンダードプラン,鈴木 太郎,東京,4,253468,131329,122139,48.2
2023-04-18,スタンダードプラン,佐藤 花子,大阪,14,915466,438723,476743,52.1
2023-04-18,エントリーパッケージ,中村 さくら,東京,3,85559,57278,28281,33.1
2023-04-18,スタンダードプラン,田中 一郎,東京,3,186474,92760,93714,50.3
2023-04-19,エントリーパッケージ,伊藤 美咲,名古屋,3,82973,54460,28513,34.4
2023-04-19,プレミアムプラン,佐藤 花子,大阪,3,532410,188820,343590,64.5
2023-04-20,スタンダードプラン,鈴木 太郎,東京,1,74438,36594,37844,50.8
2023-04-20,スタンダードプラン,鈴木 太郎,東京,8,566101,282931,283170,50.0
2023-04-21,スタンダードプラン,渡辺 健二,福岡,11,726890,375203,351687,48.4
2023-04-22,エントリーパッケージ,佐藤 花子,札幌,13,375335,236316,139019,37.0
2023-04-23,スタンダードプラン,佐藤 花子,大阪,18,1075121,562741,512380,47.7
2023-04-26,エントリーパッケージ,佐藤 花子,大阪,15,464651,293253,171398,36.9
2023-04-26,エントリーパッケージ,田中 一郎,東京,12,340372,223386,116986,34.4
2023-04-26,スタンダードプラン,田中 一郎,札幌,5,323769,159343,164426,50.8
2023-05-02,プレミアムプラン,田中 一郎,東京,3,576288,204704,371584,64.5
2023-05-02,スタンダードプラン,中村 さくら,東京,1,71971,34979,36992,51.4
2023-05-03,スタンダードプラン,中村 さくら,東京,9,623352,307785,315567,50.6
2023-05-04,スタンダードプラン,中村 さくら,東京,8,528469,253432,275037,52.0
2023-05-05,コンサルティング,鈴木 太郎,東京,1,275523,85690,189833,68.9
2023-05-09,スタンダードプラン,伊藤 美咲,名古屋,10,616999,321849,295150,47.8
2023-05-11,エントリーパッケージ,渡辺 健二,福岡,20,572118,378277,193841,33.9
2023-05-11,スタンダードプラン,鈴木 太郎,東京,18,1146048,575245,570803,49.8
2023-05-12,エントリーパッケージ,田中 一郎,東京,9,268638,180259,88379,32.9
2023-05-12,エントリーパッケージ,渡辺 健二,福岡,13,365363,232219,133144,36.4
2023-05-13,スタンダードプラン,鈴木 太郎,東京,1,66951,32454,34497,51.5
2023-05-14,プレミアムプラン,佐藤 花子,札幌,4,731485,268611,462874,63.3
2023-05-14,プレミアムプラン,田中 一郎,東京,3,580137,203267,376870,65.0
2023-05-15,コンサルティング,渡辺 健二,福岡,1,222720,68712,154008,69.1
2023-05-15,スタンダードプラン,佐藤 花子,大阪,19,1158588,570719,587869,50.7
2023-05-16,スタンダードプラン,渡辺 健二,福岡,18,1232224,620187,612037,49.7
2023-05-16,エントリーパッケージ,渡辺 健二,福岡,7,218020,146316,71704,32.9
2023-05-16,スタンダードプラン,佐藤 花子,大阪,15,1023882,525893,497989,48.6
2023-05-21,エントリーパッケージ,佐藤 花子,大阪,6,167462,109257,58205,34.8
2023-05-22,スタンダードプラン,佐藤 花子,大阪,3,212773,105944,106829,50.2
2023-05-22,エントリーパッケージ,田中 一郎,東京,11,332281,221630,110651,33.3
2023-05-22,保守サポート,中村 さくら,東京,9,201139,50357,150782,75.0
2023-05-23,プレミアムプラン,渡辺 健二,福岡,2,343865,123212,220653,64.2
2023-05-24,エントリーパッケージ,伊藤 美咲,名古屋,18,469954,303183,166771,35.5
2023-05-27,スタンダードプラン,伊藤 美咲,名古屋,6,414439,213122,201317,48.6
2023-05-27,コンサルティング,伊藤 美咲,名古屋,1,243427,71922,171505,70.5
2023-05-27,保守サポート,佐藤 花子,大阪,14,294750,73065,221685,75.2
2023-05-27,保守サポート,田中 一郎,東京,16,306212,74157,232055,75.8
2023-06-01,エントリーパッケージ,伊藤 美咲,名古屋,4,98900,61952,36948,37.4
2023-06-01,スタンダードプラン,佐藤 花子,大阪,16,1311717,673590,638127,48.6
2023-06-01,スタンダードプラン,中村 さくら,東京,8,594119,295427,298692,50.3
2023-06-03,エントリーパッケージ,渡辺 健二,福岡,5,139250,88059,51191,36.8
2023-06-10,スタンダードプラン,鈴木 太郎,東京,4,292371,147776,144595,49.5
2023-06-10,エントリーパッケージ,伊藤 美咲,名古屋,1,30337,20031,10306,34.0
2023-06-13,コンサルティング,田中 一郎,東京,2,475142,143819,331323,69.7
2023-06-13,エントリーパッケージ,田中 一郎,東京,2,61679,41890,19789,32.1
2023-06-15,プレミアムプラン,田中 一郎,東京,2,369860,130953,238907,64.6
2023-06-17,保守サポート,佐藤 花子,大阪,8,161263,40694,120569,74.8
2023-06-18,エントリーパッケージ,佐藤 花子,大阪,14,410986,255985,155001,37.7
2023-06-18,スタンダードプラン,佐藤 花子,大阪,8,559705,268217,291488,52.1
2023-06-19,保守サポート,鈴木 太郎,東京,11,202173,52366,149807,74.1
2023-06-21,コンサルティング,渡辺 健二,福岡,1,225640,64364,161276,71.5
2023-06-25,エントリーパッケージ,鈴木 太郎,東京,12,366722,229719,137003,37.4
2023-06-26,スタンダードプラン,佐藤 花子,大阪,13,913805,436550,477255,52.2
2023-06-26,エントリーパッケージ,田中 一郎,東京,10,251710,170498,81212,32.3
2023-06-28,プレミアムプラン,中村 さくら,東京,1,160346,55770,104576,65.2
2023-07-02,エントリーパッケージ,田中 一郎,東京,17,531191,342505,188686,35.5
2023-07-04,エントリーパッケージ,伊藤 美咲,名古屋,15,467835,291469,176366,37.7
2023-07-04,エントリーパッケージ,田中 一郎,東京,6,165966,105871,60095,36.2
2023-07-06,スタンダードプラン,渡辺 健二,福岡,4,295824,153857,141967,48.0
2023-07-08,保守サポート,伊藤 美咲,名古屋,5,88858,22014,66844,75.2
2023-07-08,エントリーパッケージ,中村 さくら,東京,1,24935,16795,8140,32.6
2023-07-10,スタンダードプラン,佐藤 花子,大阪,13,861541,429266,432275,50.2
2023-07-10,エントリーパッケージ,田中 一郎,東京,18,498768,319949,178819,35.9
2023-07-16,エントリーパッケージ,中村 さくら,東京,8,222060,145662,76398,34.4
2023-07-16,プレミアムプラン,伊藤 美咲,名古屋,4,664774,229416,435358,65.5
2023-07-17,コンサルティング,伊藤 美咲,名古屋,1,193617,57674,135943,70.2
2023-07-18,プレミアムプラン,田中 一郎,東京,2,370768,134407,236361,63.7
2023-07-22,エントリーパッケージ,伊藤 美咲,名古屋,3,85852,53361,32491,37.8
2023-07-22,コンサルティング,田中 一郎,東京,3,644474,200965,443509,68.8
2023-07-24,コンサルティング,伊藤 美咲,名古屋,2,385956,114817,271139,70.3
2023-07-25,スタンダードプラン,中村 さくら,東京,9,612104,294634,317470,51.9
2023-07-25,エントリーパッケージ,鈴木 太郎,東京,8,201135,126851,74284,36.9
2023-07-27,保守サポート,鈴木 太郎,東京,11,244434,60454,183980,75.3
2023-07-28,保守サポート,鈴木 太郎,東京,3,53859,13103,40756,75.7
2023-07-28,エントリーパッケージ,伊藤 美咲,名古屋,11,271148,179018,92130,34.0
2023-08-02,プレミアムプラン,伊藤 美咲,名古屋,5,994139,362467,631672,63.5
2023-08-03,プレミアムプラン,伊藤 美咲,名古屋,2,399397,137381,262016,65.6
2023-08-03,スタンダードプラン,伊藤 美咲,名古屋,10,666088,344783,321305,48.2
2023-08-04,保守サポート,鈴木 太郎,東京,15,306460,76999,229461,74.9
2023-08-05,プレミアムプラン,伊藤 美咲,名古屋,1,163595,57754,105841,64.7
2023-08-06,プレミアムプラン,渡辺 健二,札幌,3,589904,216781,373123,63.3
2023-08-07,コンサルティング,佐藤 花子,大阪,4,935398,271437,663961,71.0
2023-08-08,保守サポート,鈴木 太郎,東京,5,89542,22652,66890,74.7
2023-08-08,スタンダードプラン,渡辺 健二,福岡,4,237315,122577,114738,48.3
2023-08-08,保守サポート,佐藤 花子,大阪,6,120682,28934,91748,76.0
2023-08-09,スタンダードプラン,中村 さくら,東京,8,476868,245841,231027,48.4
2023-08-13,保守サポート,佐藤 花子,大阪,8,167687,43239,124448,74.2
2023-08-13,エントリーパッケージ,佐藤 花子,大阪,12,332350,216079,116271,35.0
2023-08-13,エントリーパッケージ,渡辺 健二,福岡,3,73306,49754,23552,32.1
2023-08-14,エントリーパッケージ,佐藤 花子,大阪,2,45413,29173,16240,35.8
2023-08-14,エントリーパッケージ,鈴木 太郎,東京,5,140390,93373,47017,33.5
2023-08-14,コンサルティング,田中 一郎,東京,4,799369,249981,549388,68.7
2023-08-23,コンサルティング,中村 さくら,札幌,3,619455,194547,424908,68.6
2023-08-23,プレミアムプラン,鈴木 太郎,東京,3,609482,203254,406228,66.7
2023-08-26,エントリーパッケージ,鈴木 太郎,東京,1,24182,15897,8285,34.3
2023-08-26,スタンダードプラン,渡辺 健二,福岡,18,1295195,679291,615904,47.6
2023-08-26,スタンダードプラン,佐藤 花子,大阪,19,1414194,730904,683290,48.3
2023-08-27,プレミアムプラン,渡辺 健二,福岡,1,188451,64367,124084,65.8
2023-08-27,エントリーパッケージ,伊藤 美咲,札幌,17,382024,243320,138704,36.3
2023-08-28,エントリーパッケージ,渡辺 健二,札幌,13,316184,212491,103693,32.8
2023-08-28,プレミアムプラン,佐藤 花子,札幌,4,794072,266585,527487,66.4
2023-09-02,スタンダードプラン,渡辺 健二,福岡,6,398486,205204,193282,48.5
2023-09-03,コンサルティング,佐藤 花子,大阪,5,1467106,439087,1028019,70.1
2023-09-03,コンサルティング,鈴木 太郎,東京,4,1072386,326896,745490,69.5
2023-09-04,エントリーパッケージ,佐藤 花子,大阪,20,612382,384399,227983,37.2
2023-09-06,スタンダードプラン,田中 一郎,東京,3,193946,100734,93212,48.1
2023-09-07,エントリーパッケージ,佐藤 花子,大阪,15,387026,263751,123275,31.9
2023-09-08,保守サポート,田中 一郎,東京,11,218919,53444,165475,75.6
2023-09-09,エントリーパッケージ,佐藤 花子,大阪,13,352590,227940,124650,35.4
2023-09-09,スタンダードプラン,伊藤 美咲,札幌,18,1274058,651679,622379,48.9
2023-09-12,スタンダードプラン,佐藤 花子,大阪,5,322385,154387,167998,52.1
2023-09-13,プレミアムプラン,伊藤 美咲,名古屋,5,942079,315252,626827,66.5
2023-09-13,エントリーパッケージ,田中 一郎,東京,1,31015,21064,9951,32.1
2023-09-14,エントリーパッケージ,田中 一郎,東京,1,24963,16125,8838,35.4
2023-09-16,エントリーパッケージ,田中 一郎,東京,2,54560,35640,18920,34.7
2023-09-16,スタンダードプラン,田中 一郎,東京,6,416572,218222,198350,47.6
2023-09-16,エントリーパッケージ,佐藤 花子,大阪,11,314950,207044,107906,34.3
2023-09-19,スタンダードプラン,渡辺 健二,福岡,17,1161926,581940,579986,49.9
2023-09-20,プレミアムプラン,鈴木 太郎,東京,1,191659,68167,123492,64.4
2023-09-20,コンサルティング,伊藤 美咲,名古屋,2,550810,172200,378610,68.7
2023-09-22,スタンダードプラン,鈴木 太郎,東京,19,1142472,585644,556828,48.7
2023-09-27,保守サポート,渡辺 健二,福岡,13,252722,62392,190330,75.3
2023-09-27,コンサルティング,鈴木 太郎,東京,1,300299,89507,210792,70.2
2023-10-01,保守サポート,渡辺 健二,福岡,7,133299,33023,100276,75.2
2023-10-04,コンサルティング,田中 一郎,東京,2,546192,165212,380980,69.8
2023-10-06,コンサルティング,中村 さくら,札幌,1,267128,77191,189937,71.1
2023-10-06,エントリーパッケージ,田中 一郎,東京,8,217143,142470,74673,34.4
2023-10-07,保守サポート,佐藤 花子,大阪,19,402167,101266,300901,74.8
2023-10-08,エントリーパッケージ,伊藤 美咲,名古屋,13,398033,254361,143672,36.1
2023-10-09,スタンダードプラン,田中 一郎,東京,1,76676,40245,36431,47.5
2023-10-10,エントリーパッケージ,佐藤 花子,大阪,12,332693,210156,122537,36.8
2023-10-10,プレミアムプラン,佐藤 花子,大阪,3,535160,193250,341910,63.9
2023-10-11,保守サポート,渡辺 健二,福岡,10,210522,52534,157988,75.0
2023-10-13,プレミアムプラン,田中 一郎,東京,3,585691,204258,381433,65.1
2023-10-14,保守サポート,佐藤 花子,大阪,10,219379,56929,162450,74.0
2023-10-15,コンサルティング,田中 一郎,東京,2,581078,169956,411122,70.8
2023-10-15,エントリーパッケージ,中村 さくら,東京,14,401876,250490,151386,37.7
2023-10-15,スタンダードプラン,渡辺 健二,福岡,8,539469,282525,256944,47.6
2023-10-17,コンサルティング,中村 さくら,東京,5,1312835,404898,907937,69.2
2023-10-17,スタンダードプラン,鈴木 太郎,東京,1,79003,39987,39016,49.4
2023-10-17,スタンダードプラン,渡辺 健二,福岡,17,1367381,705638,661743,48.4
2023-10-18,プレミアムプラン,佐藤 花子,大阪,1,181618,63924,117694,64.8
2023-10-20,スタンダードプラン,田中 一郎,東京,2,158677,81737,76940,48.5
2023-10-20,スタンダードプラン,伊藤 美咲,名古屋,2,136209,67443,68766,50.5
2023-10-21,保守サポート,伊藤 美咲,名古屋,9,188238,49187,139051,73.9
2023-10-22,エントリーパッケージ,渡辺 健二,福岡,19,481223,313155,168068,34.9
2023-10-23,エントリーパッケージ,鈴木 太郎,東京,20,601003,383052,217951,36.3
2023-10-24,保守サポート,佐藤 花子,大阪,12,222383,57788,164595,74.0
2023-10-24,エントリーパッケージ,佐藤 花子,大阪,4,111214,74030,37184,33.4
2023-10-25,コンサルティング,田中 一郎,東京,4,958988,297875,661113,68.9
2023-10-27,スタンダードプラン,伊藤 美咲,名古屋,12,888597,459645,428952,48.3
2023-11-01,スタンダードプラン,佐藤 花子,大阪,2,162587,83168,79419,48.8
2023-11-01,プレミアムプラン,中村 さくら,東京,2,405926,144712,261214,64.4
2023-11-02,エントリーパッケージ,伊藤 美咲,名古屋,12,387645,246812,140833,36.3
2023-11-02,プレミアムプラン,渡辺 健二,福岡,5,1124271,397190,727081,64.7
2023-11-03,保守サポート,渡辺 健二,福岡,5,111672,28698,82974,74.3
2023-11-03,エントリーパッケージ,渡辺 健二,福岡,11,317212,196141,121071,38.2
2023-11-05,スタンダードプラン,伊藤 美咲,札幌,1,75383,38547,36836,48.9
2023-11-06,プレミアムプラン,渡辺 健二,福岡,1,217749,77210,140539,64.5
2023-11-07,保守サポート,佐藤 花子,大阪,10,182924,43930,138994,76.0
2023-11-08,保守サポート,伊藤 美咲,名古屋,1,21015,5320,15695,74.7
2023-11-08,エントリーパッケージ,中村 さくら,東京,11,351357,222038,129319,36.8
2023-11-09,エントリーパッケージ,鈴木 太郎,東京,8,243842,166062,77780,31.9
2023-11-10,スタンダードプラン,渡辺 健二,福岡,5,364754,182437,182317,50.0
2023-11-13,エントリーパッケージ,佐藤 花子,大阪,5,158231,104223,54008,34.1
2023-11-13,エントリーパッケージ,伊藤 美咲,名古屋,2,64405,41514,22891,35.5
2023-11-15,プレミアムプラン,鈴木 太郎,札幌,4,975746,354927,620819,63.6
2023-11-16,プレミアムプラン,中村 さくら,東京,5,1113048,394267,718781,64.6
2023-11-17,プレミアムプラン,渡辺 健二,福岡,3,648269,227354,420915,64.9
2023-11-19,スタンダードプラン,鈴木 太郎,東京,9,675139,346803,328336,48.6
2023-11-21,スタンダードプラン,伊藤 美咲,名古屋,2,142300,68577,73723,51.8
2023-11-22,スタンダードプラン,田中 一郎,東京,2,174914,86234,88680,50.7
2023-11-25,スタンダードプラン,渡辺 健二,福岡,11,992662,495843,496819,50.0
2023-11-26,スタンダードプラン,中村 さくら,東京,6,440080,224685,215395,48.9
2023-11-27,スタンダードプラン,伊藤 美咲,名古屋,20,1653688,796843,856845,51.8
2023-11-28,保守サポート,佐藤 花子,大阪,17,326134,77897,248237,76.1
2023-11-28,エントリーパッケージ,鈴木 太郎,東京,12,348360,221770,126590,36.3
2023-12-04,スタンダードプラン,渡辺 健二,福岡,3,273611,134653,138958,50.8
2023-12-04,エントリーパッケージ,鈴木 太郎,東京,10,339845,218113,121732,35.8
2023-12-04,プレミアムプラン,佐藤 花子,大阪,1,273566,95241,178325,65.2
2023-12-07,プレミアムプラン,田中 一郎,東京,4,912916,323062,589854,64.6
2023-12-08,保守サポート,田中 一郎,東京,18,412897,102225,310672,75.2
2023-12-11,プレミアムプラン,渡辺 健二,福岡,4,1086516,368513,718003,66.1
2023-12-11,スタンダードプラン,佐藤 花子,大阪,3,299271,146951,152320,50.9
2023-12-13,プレミアムプラン,伊藤 美咲,名古屋,4,970683,345728,624955,64.4
2023-12-13,プレミアムプラン,佐藤 花子,大阪,5,1313946,445222,868724,66.1
2023-12-14,スタンダードプラン,鈴木 太郎,札幌,13,1278781,637999,640782,50.1
2023-12-14,エントリーパッケージ,佐藤 花子,大阪,16,591841,369806,222035,37.5
2023-12-17,プレミアムプラン,佐藤 花子,大阪,4,997691,352310,645381,64.7
2023-12-17,スタンダードプラン,中村 さくら,東京,11,913764,473710,440054,48.2
2023-12-18,保守サポート,伊藤 美咲,名古屋,4,86648,20656,65992,76.2
2023-12-18,プレミアムプラン,中村 さくら,東京,5,1301591,473328,828263,63.6
2023-12-20,エントリーパッケージ,佐藤 花子,大阪,11,371294,245884,125410,33.8
2023-12-25,スタンダードプラン,佐藤 花子,大阪,12,1187461,570813,616648,51.9
2023-12-28,スタンダードプラン,伊藤 美咲,名古屋,12,1217103,627817,589286,48.4
2023-12-28,エントリーパッケージ,伊藤 美咲,名古屋,5,175909,109294,66615,37.9
2023-12-28,プレミアムプラン,渡辺 健二,福岡,1,260672,88105,172567,66.2
2024-01-01,エントリーパッケージ,渡辺 健二,福岡,14,492049,320558,171491,34.9
2024-01-04,スタンダードプラン,佐藤 花子,大阪,19,1250345,644880,605465,48.4
2024-01-05,エントリーパッケージ,中村 さくら,東京,9,259581,168159,91422,35.2
2024-01-08,エントリーパッケージ,佐藤 花子,大阪,3,104867,66922,37945,36.2
2024-01-09,プレミアムプラン,中村 さくら,札幌,5,648772,216639,432133,66.6
2024-01-10,スタンダードプラン,田中 一郎,東京,7,471848,242660,229188,48.6
2024-01-12,エントリーパッケージ,田中 一郎,東京,10,304002,198414,105588,34.7
2024-01-14,プレミアムプラン,鈴木 太郎,東京,5,726104,258384,467720,64.4
2024-01-15,保守サポート,伊藤 美咲,名古屋,13,309442,81000,228442,73.8
2024-01-18,コンサルティング,中村 さくら,東京,5,905939,278370,627569,69.3
2024-01-19,保守サポート,中村 さくら,東京,2,43387,10773,32614,75.2
2024-01-20,スタンダードプラン,佐藤 花子,大阪,17,1324903,657063,667840,50.4
2024-01-20,保守サポート,中村 さくら,東京,2,37832,9222,28610,75.6
2024-01-21,コンサルティング,渡辺 健二,福岡,2,366105,112078,254027,69.4
2024-01-22,スタンダードプラン,佐藤 花子,大阪,7,475111,229892,245219,51.6
2024-01-22,スタンダードプラン,伊藤 美咲,名古屋,7,464979,237473,227506,48.9
2024-01-23,スタンダードプラン,伊藤 美咲,名古屋,17,1226178,621480,604698,49.3
2024-01-26,スタンダードプラン,佐藤 花子,大阪,2,157416,77822,79594,50.6
2024-01-27,プレミアムプラン,渡辺 健二,札幌,1,152178,53930,98248,64.6
2024-01-28,コンサルティング,中村 さくら,東京,5,792798,242631,550167,69.4
2024-02-02,コンサルティング,伊藤 美咲,名古屋,5,1037626,300124,737502,71.1
2024-02-02,エントリーパッケージ,伊藤 美咲,名古屋,5,131747,87492,44255,33.6
2024-02-04,エントリーパッケージ,佐藤 花子,大阪,11,317933,212777,105156,33.1
2024-02-04,スタンダードプラン,佐藤 花子,大阪,14,859999,425248,434751,50.6
2024-02-07,エントリーパッケージ,佐藤 花子,札幌,18,539767,355301,184466,34.2
2024-02-09,プレミアムプラン,鈴木 太郎,東京,5,640390,231345,409045,63.9
2024-02-09,スタンダードプラン,佐藤 花子,大阪,6,356318,180241,176077,49.4
2024-02-11,エントリーパッケージ,佐藤 花子,大阪,2,56593,37342,19251,34.0
2024-02-12,スタンダードプラン,佐藤 花子,大阪,1,70603,36438,34165,48.4
2024-02-12,エントリーパッケージ,伊藤 美咲,名古屋,14,420806,270882,149924,35.6
2024-02-12,エントリーパッケージ,伊藤 美咲,名古屋,19,503594,338735,164859,32.7
2024-02-15,保守サポート,中村 さくら,東京,10,219678,53719,165959,75.5
2024-02-18,スタンダードプラン,中村 さくら,東京,2,139358,72691,66667,47.8
2024-02-19,スタンダードプラン,佐藤 花子,大阪,3,181245,87880,93365,51.5
2024-02-21,エントリーパッケージ,佐藤 花子,大阪,4,123824,80048,43776,35.4
2024-02-24,プレミアムプラン,佐藤 花子,大阪,3,398588,142873,255715,64.2
2024-02-24,スタンダードプラン,渡辺 健二,福岡,16,943354,458463,484891,51.4
2024-02-24,エントリーパッケージ,伊藤 美咲,名古屋,4,110591,74247,36344,32.9
2024-02-25,スタンダードプラン,鈴木 太郎,東京,11,683244,332003,351241,51.4
2024-02-26,スタンダードプラン,伊藤 美咲,名古屋,5,305727,158778,146949,48.1
2024-03-01,エントリーパッケージ,鈴木 太郎,東京,16,509433,343951,165482,32.5
2024-03-01,コンサルティング,中村 さくら,東京,5,1073062,317536,755526,70.4
2024-03-04,スタンダードプラン,佐藤 花子,大阪,2,127031,64458,62573,49.3
2024-03-07,エントリーパッケージ,田中 一郎,東京,8,213843,140992,72851,34.1
2024-03-07,保守サポート,中村 さくら,東京,8,154911,39190,115721,74.7
2024-03-08,エントリーパッケージ,中村 さくら,東京,3,89606,57523,32083,35.8
2024-03-11,プレミアムプラン,中村 さくら,東京,1,185401,64336,121065,65.3
2024-03-13,プレミアムプラン,佐藤 花子,大阪,2,336287,113934,222353,66.1
2024-03-13,エントリーパッケージ,佐藤 花子,大阪,9,272802,178565,94237,34.5
2024-03-15,エントリーパッケージ,伊藤 美咲,名古屋,6,188104,120343,67761,36.0
2024-03-16,エントリーパッケージ,鈴木 太郎,東京,5,155161,99155,56006,36.1
2024-03-17,スタンダードプラン,田中 一郎,東京,19,1386666,668007,718659,51.8
2024-03-18,スタンダードプラン,佐藤 花子,大阪,18,1211362,629543,581819,48.0
2024-03-19,プレミアムプラン,田中 一郎,東京,5,920694,332317,588377,63.9
2024-03-19,エントリーパッケージ,渡辺 健二,福岡,17,462098,290127,171971,37.2
2024-03-20,エントリーパッケージ,佐藤 花子,大阪,10,329433,208062,121371,36.8
2024-03-20,スタンダードプラン,鈴木 太郎,東京,16,1156567,559533,597034,51.6
2024-03-21,プレミアムプラン,田中 一郎,東京,5,827475,296380,531095,64.2
2024-03-24,スタンダードプラン,佐藤 花子,大阪,11,737555,358507,379048,51.4
2024-03-24,スタンダードプラン,伊藤 美咲,名古屋,13,866561,445072,421489,48.6
2024-03-25,保守サポート,伊藤 美咲,名古屋,16,378843,90358,288485,76.1
2024-03-26,スタンダードプラン,鈴木 太郎,東京,8,508524,246806,261718,51.5
2024-03-26,保守サポート,渡辺 健二,福岡,8,184946,46702,138244,74.7
2024-03-26,スタンダードプラン,佐藤 花子,大阪,19,1243425,625869,617556,49.7
2024-03-27,エントリーパッケージ,佐藤 花子,大阪,16,442950,278164,164786,37.2
2024-04-02,エントリーパッケージ,中村 さくら,東京,14,418703,268629,150074,35.8
2024-04-02,プレミアムプラン,佐藤 花子,大阪,5,916924,326846,590078,64.4
2024-04-06,エントリーパッケージ,伊藤 美咲,名古屋,2,57497,37952,19545,34.0
2024-04-06,保守サポート,佐藤 花子,大阪,20,382900,98344,284556,74.3
2024-04-06,エントリーパッケージ,伊藤 美咲,名古屋,8,234949,155760,79189,33.7
2024-04-07,プレミアムプラン,鈴木 太郎,東京,3,557304,193212,364092,65.3
2024-04-09,保守サポート,佐藤 花子,大阪,19,442340,110385,331955,75.0
2024-04-10,エントリーパッケージ,鈴木 太郎,東京,17,457982,284958,173024,37.8
2024-04-11,スタンダードプラン,佐藤 花子,大阪,19,1351270,658289,692981,51.3
2024-04-11,プレミアムプラン,佐藤 花子,大阪,4,740483,264035,476448,64.3
2024-04-12,プレミアムプラン,伊藤 美咲,名古屋,2,382717,132777,249940,65.3
2024-04-13,スタンダードプラン,田中 一郎,東京,12,770442,367414,403028,52.3
2024-04-13,保守サポート,鈴木 太郎,東京,8,175734,42591,133143,75.8
2024-04-14,スタンダードプラン,鈴木 太郎,東京,19,1276386,660847,615539,48.2
2024-04-16,エントリーパッケージ,佐藤 花子,大阪,7,203913,136304,67609,33.2
2024-04-18,エントリーパッケージ,伊藤 美咲,名古屋,3,90312,60030,30282,33.5
2024-04-19,スタンダードプラン,中村 さくら,東京,9,700605,361272,339333,48.4
2024-04-20,プレミアムプラン,田中 一郎,札幌,1,192348,67131,125217,65.1
2024-04-20,エントリーパッケージ,佐藤 花子,大阪,17,479775,297309,182466,38.0
2024-04-20,エントリーパッケージ,渡辺 健二,福岡,3,88869,55629,33240,37.4
2024-04-20,保守サポート,伊藤 美咲,名古屋,20,386893,96489,290404,75.1
2024-04-24,エントリーパッケージ,鈴木 太郎,東京,8,225849,145318,80531,35.7
2024-04-25,プレミアムプラン,佐藤 花子,大阪,3,598283,211025,387258,64.7
2024-04-25,エントリーパッケージ,佐藤 花子,大阪,13,372875,249751,123124,33.0
2024-04-26,プレミアムプラン,佐藤 花子,大阪,3,495532,177063,318469,64.3
2024-04-28,コンサルティング,佐藤 花子,大阪,2,492751,151755,340996,69.2
2024-04-28,エントリーパッケージ,鈴木 太郎,東京,5,134775,84996,49779,36.9
2024-05-01,プレミアムプラン,中村 さくら,札幌,5,972341,346758,625583,64.3
2024-05-02,エントリーパッケージ,伊藤 美咲,名古屋,10,279719,188335,91384,32.7
2024-05-02,コンサルティング,佐藤 花子,大阪,4,977354,295454,681900,69.8
2024-05-05,エントリーパッケージ,佐藤 花子,大阪,13,397300,257308,139992,35.2
2024-05-05,スタンダードプラン,佐藤 花子,大阪,7,457318,239157,218161,47.7
2024-05-06,スタンダードプラン,伊藤 美咲,名古屋,12,929660,454586,475074,51.1
2024-05-06,エントリーパッケージ,田中 一郎,東京,11,316380,213088,103292,32.6
2024-05-07,スタンダードプラン,田中 一郎,東京,12,932342,487760,444582,47.7
2024-05-08,スタンダードプラン,伊藤 美咲,名古屋,16,1207410,587698,619712,51.3
2024-05-09,プレミアムプラン,伊藤 美咲,札幌,3,568344,206764,361580,63.6
2024-05-14,エントリーパッケージ,鈴木 太郎,東京,20,572594,360421,212173,37.1
2024-05-16,エントリーパッケージ,伊藤 美咲,名古屋,10,287154,189882,97272,33.9
2024-05-18,プレミアムプラン,中村 さくら,札幌,4,806855,289861,516994,64.1
2024-05-19,保守サポート,渡辺 健二,福岡,20,409421,106430,302991,74.0
2024-05-21,スタンダードプラン,鈴木 太郎,東京,16,1042180,541582,500598,48.0
2024-05-21,スタンダードプラン,伊藤 美咲,名古屋,7,537443,268091,269352,50.1
2024-05-23,保守サポート,鈴木 太郎,東京,8,163689,41548,122141,74.6
2024-05-24,スタンダードプラン,伊藤 美咲,名古屋,15,1143221,596691,546530,47.8
2024-05-25,コンサルティング,田中 一郎,東京,2,565865,167315,398550,70.4
2024-05-25,エントリーパッケージ,佐藤 花子,大阪,17,487213,328101,159112,32.7
2024-05-26,エントリーパッケージ,中村 さくら,札幌,8,255946,170038,85908,33.6
2024-05-26,プレミアムプラン,伊藤 美咲,名古屋,3,569301,200400,368901,64.8
2024-05-28,コンサルティング,伊藤 美咲,名古屋,4,1080192,326379,753813,69.8
2024-06-01,スタンダードプラン,鈴木 太郎,東京,19,1356040,697624,658416,48.6
2024-06-01,プレミアムプラン,鈴木 太郎,札幌,3,487310,169508,317802,65.2
2024-06-03,コンサルティング,佐藤 花子,大阪,3,710855,207437,503418,70.8
2024-06-03,プレミアムプラン,渡辺 健二,福岡,1,190106,66696,123410,64.9
2024-06-04,エントリーパッケージ,中村 さくら,札幌,3,83050,53426,29624,35.7
2024-06-05,保守サポート,渡辺 健二,福岡,18,425799,106966,318833,74.9
2024-06-05,スタンダードプラン,中村 さくら,東京,2,150680,77928,72752,48.3
2024-06-07,プレミアムプラン,渡辺 健二,札幌,1,167931,59590,108341,64.5
2024-06-08,保守サポート,佐藤 花子,大阪,20,392927,100891,292036,74.3
2024-06-08,エントリーパッケージ,佐藤 花子,大阪,8,224461,144765,79696,35.5
2024-06-08,エントリーパッケージ,佐藤 花子,大阪,6,193674,121167,72507,37.4
2024-06-09,エントリーパッケージ,伊藤 美咲,名古屋,10,308099,200904,107195,34.8
2024-06-10,プレミアムプラン,佐藤 花子,大阪,4,681333,232442,448891,65.9
2024-06-13,スタンダードプラン,佐藤 花子,大阪,4,349943,178727,171216,48.9
2024-06-14,スタンダードプラン,中村 さくら,東京,7,612227,298031,314196,51.3
2024-06-16,エントリーパッケージ,鈴木 太郎,東京,16,480009,317864,162145,33.8
2024-06-17,エントリーパッケージ,佐藤 花子,大阪,7,206292,137723,68569,33.2
2024-06-18,スタンダードプラン,伊藤 美咲,名古屋,7,526114,253906,272208,51.7
2024-06-20,スタンダードプラン,渡辺 健二,福岡,5,372869,188986,183883,49.3
2024-06-21,保守サポート,伊藤 美咲,名古屋,19,416511,105492,311019,74.7
2024-06-23,プレミアムプラン,鈴木 太郎,東京,5,879028,299965,579063,65.9
2024-06-24,エントリーパッケージ,鈴木 太郎,東京,10,328645,206326,122319,37.2
2024-06-26,保守サポート,佐藤 花子,大阪,14,321324,81110,240214,74.8
2024-06-26,スタンダードプラン,鈴木 太郎,東京,7,528920,259476,269444,50.9
2024-06-27,プレミアムプラン,伊藤 美咲,名古屋,5,886105,300590,585515,66.1
2024-06-27,スタンダードプラン,鈴木 太郎,東京,5,374187,177740,196447,52.5
2024-06-28,スタンダードプラン,中村 さくら,東京,6,417922,212378,205544,49.2
2024-07-01,スタンダードプラン,田中 一郎,東京,17,1296420,627826,668594,51.6
2024-07-02,保守サポート,田中 一郎,東京,7,135799,32902,102897,75.8
2024-07-02,エントリーパッケージ,渡辺 健二,福岡,17,520797,341574,179223,34.4
2024-07-03,コンサルティング,伊藤 美咲,名古屋,5,1010805,289312,721493,71.4
2024-07-06,スタンダードプラン,田中 一郎,東京,18,1380319,678945,701374,50.8
2024-07-10,コンサルティング,中村 さくら,東京,4,911443,263975,647468,71.0
2024-07-14,保守サポート,渡辺 健二,福岡,2,41410,10604,30806,74.4
2024-07-16,プレミアムプラン,渡辺 健二,福岡,4,724114,254522,469592,64.9
2024-07-16,スタンダードプラン,佐藤 花子,大阪,1,86649,42062,44587,51.5
2024-07-18,エントリーパッケージ,中村 さくら,東京,8,227758,141578,86180,37.8
2024-07-18,スタンダードプラン,中村 さくら,東京,8,638879,333734,305145,47.8
2024-07-18,コンサルティング,田中 一郎,東京,5,967443,296768,670675,69.3
2024-07-21,エントリーパッケージ,鈴木 太郎,東京,8,227532,148758,78774,34.6
2024-07-22,エントリーパッケージ,佐藤 花子,大阪,19,545981,353422,192559,35.3
2024-07-23,スタンダードプラン,伊藤 美咲,名古屋,2,140483,71257,69226,49.3
2024-07-24,エントリーパッケージ,渡辺 健二,福岡,7,184327,118348,65979,35.8
2024-07-27,スタンダードプラン,伊藤 美咲,名古屋,4,315909,151110,164799,52.2
2024-07-27,エントリーパッケージ,渡辺 健二,福岡,3,89916,58149,31767,35.3
2024-07-27,スタンダードプラン,鈴木 太郎,東京,11,912127,445816,466311,51.1
2024-07-28,エントリーパッケージ,佐藤 花子,大阪,11,331183,225964,105219,31.8
2024-08-05,コンサルティング,渡辺 健二,福岡,1,211595,62562,149033,70.4
2024-08-05,エントリーパッケージ,中村 さくら,東京,2,50247,33055,17192,34.2
2024-08-10,プレミアムプラン,鈴木 太郎,東京,5,867781,292640,575141,66.3
2024-08-11,エントリーパッケージ,佐藤 花子,大阪,14,367971,235552,132419,36.0
2024-08-11,スタンダードプラン,佐藤 花子,大阪,8,512477,263330,249147,48.6
2024-08-13,エントリーパッケージ,鈴木 太郎,札幌,12,356898,230765,126133,35.3
2024-08-13,スタンダードプラン,伊藤 美咲,名古屋,20,1339140,672624,666516,49.8
2024-08-14,エントリーパッケージ,田中 一郎,東京,11,283775,190303,93472,32.9
2024-08-15,コンサルティング,渡辺 健二,福岡,3,747208,215448,531760,71.2
2024-08-16,エントリーパッケージ,鈴木 太郎,東京,13,318670,203741,114929,36.1
2024-08-17,スタンダードプラン,佐藤 花子,大阪,1,69285,36049,33236,48.0
2024-08-17,スタンダードプラン,田中 一郎,東京,11,792926,382570,410356,51.8
2024-08-19,エントリーパッケージ,伊藤 美咲,名古屋,18,447030,287527,159503,35.7
2024-08-19,スタンダードプラン,渡辺 健二,福岡,8,537783,263521,274262,51.0
2024-08-19,エントリーパッケージ,中村 さくら,東京,13,387424,258192,129232,33.4
2024-08-21,保守サポート,田中 一郎,東京,20,472472,119699,352773,74.7
2024-08-23,プレミアムプラン,佐藤 花子,札幌,3,521431,188376,333055,63.9
2024-08-25,スタンダードプラン,田中 一郎,東京,8,530030,261671,268359,50.6
2024-08-25,スタンダードプラン,中村 さくら,東京,18,1196328,600940,595388,49.8
2024-08-25,エントリーパッケージ,鈴木 太郎,東京,9,216978,141061,75917,35.0
2024-08-26,スタンダードプラン,伊藤 美咲,名古屋,6,478538,242049,236489,49.4
2024-08-26,保守サポート,伊藤 美咲,名古屋,20,443026,105632,337394,76.2
2024-08-27,スタンダードプラン,渡辺 健二,福岡,11,840611,406557,434054,51.6
2024-09-01,スタンダードプラン,田中 一郎,東京,20,1349613,672442,677171,50.2
2024-09-01,エントリーパッケージ,伊藤 美咲,名古屋,11,353916,221890,132026,37.3
2024-09-02,エントリーパッケージ,中村 さくら,東京,15,452749,300539,152210,33.6
2024-09-05,エントリーパッケージ,田中 一郎,東京,10,310961,210182,100779,32.4
2024-09-05,コンサルティング,佐藤 花子,大阪,2,619472,185682,433790,70.0
2024-09-06,保守サポート,鈴木 太郎,札幌,5,114274,27445,86829,76.0
2024-09-08,コンサルティング,佐藤 花子,大阪,1,316042,99070,216972,68.7
2024-09-09,エントリーパッケージ,鈴木 太郎,東京,8,266331,181400,84931,31.9
2024-09-10,エントリーパッケージ,佐藤 花子,大阪,14,390546,245039,145507,37.3
2024-09-12,スタンダードプラン,佐藤 花子,大阪,16,1113172,537495,575677,51.7
2024-09-17,スタンダードプラン,伊藤 美咲,名古屋,3,223871,111673,112198,50.1
2024-09-18,保守サポート,中村 さくら,東京,5,99562,23990,75572,75.9
2024-09-18,スタンダードプラン,渡辺 健二,福岡,19,1492405,732584,759821,50.9
2024-09-20,スタンダードプラン,渡辺 健二,札幌,4,313283,156401,156882,50.1
2024-09-20,プレミアムプラン,渡辺 健二,札幌,3,658886,233201,425685,64.6
2024-09-21,プレミアムプラン,伊藤 美咲,名古屋,1,189476,68753,120723,63.7
2024-09-22,プレミアムプラン,渡辺 健二,福岡,1,226018,79270,146748,64.9
2024-09-27,エントリーパッケージ,渡辺 健二,福岡,14,396842,264282,132560,33.4
2024-10-02,エントリーパッケージ,伊藤 美咲,名古屋,17,458328,296629,161699,35.3
2024-10-05,プレミアムプラン,中村 さくら,東京,4,813366,275588,537778,66.1
2024-10-06,プレミアムプラン,伊藤 美咲,名古屋,4,867152,289660,577492,66.6
2024-10-06,エントリーパッケージ,中村 さくら,東京,15,402386,261568,140818,35.0
2024-10-10,エントリーパッケージ,伊藤 美咲,名古屋,7,197813,127267,70546,35.7
2024-10-12,エントリーパッケージ,渡辺 健二,福岡,2,54999,34158,20841,37.9
2024-10-12,保守サポート,伊藤 美咲,名古屋,3,58309,14503,43806,75.1
2024-10-13,コンサルティング,中村 さくら,東京,4,1275054,364891,910163,71.4
2024-10-14,プレミアムプラン,渡辺 健二,福岡,3,707433,236435,470998,66.6
2024-10-15,コンサルティング,佐藤 花子,大阪,2,532386,162262,370124,69.5
2024-10-15,エントリーパッケージ,中村 さくら,札幌,18,488629,314863,173766,35.6
2024-10-18,保守サポート,鈴木 太郎,東京,1,21207,5490,15717,74.1
2024-10-20,スタンダードプラン,中村 さくら,東京,1,73727,37038,36689,49.8
2024-10-20,エントリーパッケージ,佐藤 花子,大阪,13,397099,264372,132727,33.4
2024-10-20,エントリーパッケージ,伊藤 美咲,名古屋,8,233861,156208,77653,33.2
2024-10-21,プレミアムプラン,佐藤 花子,大阪,4,772527,265627,506900,65.6
2024-10-22,スタンダードプラン,田中 一郎,東京,9,783234,380751,402483,51.4
2024-10-23,エントリーパッケージ,田中 一郎,東京,14,395950,268152,127798,32.3
2024-10-23,保守サポート,佐藤 花子,大阪,6,139896,33850,106046,75.8
2024-10-28,保守サポート,伊藤 美咲,名古屋,6,141693,37143,104550,73.8
2024-11-01,コンサルティング,渡辺 健二,福岡,3,875738,249626,626112,71.5
2024-11-08,スタンダードプラン,渡辺 健二,福岡,9,755179,377478,377701,50.0
2024-11-09,スタンダードプラン,渡辺 健二,福岡,1,88571,45127,43444,49.0
2024-11-11,スタンダードプラン,伊藤 美咲,名古屋,20,1918815,951160,967655,50.4
2024-11-12,スタンダードプラン,渡辺 健二,福岡,7,603373,291882,311491,51.6
2024-11-13,エントリーパッケージ,田中 一郎,東京,3,104501,66722,37779,36.2
2024-11-15,プレミアムプラン,中村 さくら,東京,5,1180377,415700,764677,64.8
2024-11-16,スタンダードプラン,中村 さくら,東京,16,1377363,697762,679601,49.3
2024-11-17,コンサルティング,伊藤 美咲,名古屋,4,1048706,324019,724687,69.1
2024-11-18,スタンダードプラン,鈴木 太郎,札幌,1,82372,40672,41700,50.6
2024-11-20,保守サポート,中村 さくら,東京,11,222029,55924,166105,74.8
2024-11-22,コンサルティング,中村 さくら,東京,5,1253683,357530,896153,71.5
2024-11-22,スタンダードプラン,佐藤 花子,大阪,6,476327,246114,230213,48.3
2024-11-24,エントリーパッケージ,鈴木 太郎,東京,2,70713,45041,25672,36.3
2024-11-24,スタンダードプラン,佐藤 花子,大阪,7,615889,295913,319976,52.0
2024-11-25,コンサルティング,佐藤 花子,大阪,2,535562,166526,369036,68.9
2024-11-26,エントリーパッケージ,佐藤 花子,大阪,7,233330,149112,84218,36.1
2024-11-26,保守サポート,佐藤 花子,大阪,16,361150,91233,269917,74.7
2024-11-28,スタンダードプラン,佐藤 花子,大阪,5,426497,215961,210536,49.4
2024-11-28,コンサルティング,伊藤 美咲,名古屋,3,779899,225126,554773,71.1
2024-12-01,スタンダードプラン,佐藤 花子,大阪,9,823923,402636,421287,51.1
2024-12-01,スタンダードプラン,渡辺 健二,福岡,17,1807878,926135,881743,48.8
2024-12-02,保守サポート,佐藤 花子,大阪,5,104492,27176,77316,74.0
2024-12-03,コンサルティング,鈴木 太郎,東京,1,323289,97901,225388,69.7
2024-12-04,エントリーパッケージ,伊藤 美咲,名古屋,15,533894,331947,201947,37.8
2024-12-05,スタンダードプラン,佐藤 花子,大阪,10,1063880,537495,526385,49.5
2024-12-06,スタンダードプラン,佐藤 花子,札幌,20,1883111,928698,954413,50.7
2024-12-07,エントリーパッケージ,伊藤 美咲,名古屋,20,689259,440506,248753,36.1
2024-12-09,保守サポート,佐藤 花子,大阪,7,166617,41859,124758,74.9
2024-12-10,エントリーパッケージ,佐藤 花子,大阪,11,397992,247594,150398,37.8
2024-12-15,保守サポート,佐藤 花子,大阪,10,246052,62806,183246,74.5
2024-12-16,エントリーパッケージ,佐藤 花子,大阪,8,293885,191941,101944,34.7
2024-12-18,エントリーパッケージ,田中 一郎,東京,11,364477,231853,132624,36.4
2024-12-19,スタンダードプラン,中村 さくら,東京,19,1867856,978775,889081,47.6
2024-12-19,プレミアムプラン,鈴木 太郎,東京,4,988485,349295,639190,64.7
2024-12-20,プレミアムプラン,伊藤 美咲,名古屋,5,1256762,421007,835755,66.5
2024-12-23,コンサルティング,渡辺 健二,福岡,2,652151,194850,457301,70.1
2024-12-23,コンサルティング,佐藤 花子,大阪,2,642949,184742,458207,71.3
2024-12-25,スタンダードプラン,中村 さくら,札幌,17,1621977,796985,824992,50.9
2024-12-26,エントリーパッケージ,伊藤 美咲,名古屋,15,544212,339337,204875,37.6
