日付,商品名,カテゴリ,担当者,地域,数量,売上金額,利益額
2023/01/03,レアアース（ジスプロシウム）,金属・鉱物,加藤 祐樹,北米,7159,1256114000,70058690
2023/01/05,コーヒー豆,食料・農産物,松本 勇気,九州・沖縄,751,398875000,27817091
2023/01/07,アパレル（既製服）,繊維・生活,木村 隆史,中東,4989,236205000,48146470
2023/01/09,産業機械（プレス機）,機械・プラント,山口 哲也,東北,47,1404873000,325056622
2023/01/11,石油製品（ナフサ）,エネルギー,田中 誠一,関西,19,2704684000,111679184
2023/01/11,LNG（液化天然ガス）,エネルギー,橋本 洋平,オセアニア,30,10004174000,150234250
2023/01/13,医薬品原料,化学品,松本 勇気,中部,1388,94630000,5698715
2023/01/13,石炭（一般炭）,エネルギー,林 俊介,中部,8,1358666000,55697846
2023/01/16,繊維製品（合成繊維）,繊維・生活,井上 明子,北米,8827,264254000,48571395
2023/01/18,石炭（原料炭）,エネルギー,田中 誠一,関西,22,8096195000,301340639
2023/01/18,石油製品（重油）,エネルギー,田中 誠一,関東,17,2783226000,92015015
2023/01/18,再生可能エネルギー設備,エネルギー,田中 誠一,欧州,5,7135660000,177981966
2023/01/18,鉄鋼製品（冷延鋼板）,金属・鉱物,佐藤 康弘,九州・沖縄,4434,1992437000,89828717
2023/01/19,輸入大豆（南米産）,食料・農産物,高橋 恵,欧州,639,554454000,43088518
2023/01/19,輸入大豆（南米産）,食料・農産物,鈴木 大輔,関西,1214,244980000,24461972
2023/01/22,輸入大豆（南米産）,食料・農産物,林 俊介,関東,1295,101750000,6552535
2023/01/23,亜鉛地金,金属・鉱物,青木 健太,中部,1816,771853000,54192193
2023/01/25,洋上風力発電設備,エネルギー,田中 誠一,関西,26,6585866000,270540852
2023/01/25,エチレン,化学品,青木 健太,アジア（中国）,2209,347221000,43433104
2023/01/25,アパレル（既製服）,繊維・生活,渡辺 敏夫,中国・四国,3570,167321000,32036888
2023/01/27,船舶用エンジン,機械・プラント,山田 健一,アジア（中国）,50,2541128000,275434622
2023/01/29,建設機械（クレーン）,機械・プラント,木村 隆史,中部,42,2985836000,465829456
2023/01/30,石油製品（ナフサ）,エネルギー,松本 勇気,関西,15,985802000,30645471
2023/01/30,繊維製品（合成繊維）,繊維・生活,林 俊介,アジア（東南アジア）,4110,148411000,16363537
2023/02/02,石炭（原料炭）,エネルギー,田中 誠一,中南米,18,6032224000,111365706
2023/02/02,原油（北海産）,エネルギー,井上 明子,欧州,29,4357547000,158969524
2023/02/03,石油製品（重油）,エネルギー,橋本 洋平,アジア（中国）,11,3366722000,144333223
2023/02/03,原油（北海産）,エネルギー,中村 翔太,中国・四国,5,5332434000,229282831
2023/02/06,水産物（エビ）,食料・農産物,青木 健太,中国・四国,1050,62921000,3599712
2023/02/08,原油（中東産）,エネルギー,田中 誠一,関東,11,802415000,13741935
2023/02/09,プロピレン,化学品,吉田 真理,関西,584,279082000,25728057
2023/02/09,産業機械（工作機械）,機械・プラント,井上 明子,北米,43,963728000,131581085
2023/02/11,エチレン,化学品,青木 健太,アジア（中国）,258,332147000,29980295
2023/02/11,食料加工品（缶詰）,食料・農産物,井上 明子,アジア（東南アジア）,1924,330610000,27944137
2023/02/15,食料加工品（缶詰）,食料・農産物,鈴木 大輔,関東,735,408865000,36030032
2023/02/16,食料加工品（缶詰）,食料・農産物,木村 隆史,オセアニア,1148,602170000,65978814
2023/02/21,牛肉（冷凍）,食料・農産物,小林 裕子,東北,1137,525137000,30884244
2023/02/26,レアアース（ネオジム）,金属・鉱物,佐藤 康弘,アジア（東南アジア）,7328,1464919000,105521007
2023/02/26,鉄鋼製品（熱延コイル）,金属・鉱物,岡田 雄介,九州・沖縄,2272,1977266000,169236341
2023/02/26,農薬（除草剤）,化学品,伊藤 浩二,関西,2891,422719000,33923924
2023/02/28,繊維原料（綿花）,繊維・生活,石川 美穂,中東,2824,218574000,31585216
2023/03/01,小麦（豪州産）,食料・農産物,青木 健太,中東,1690,244638000,32245941
2023/03/05,食料加工品（缶詰）,食料・農産物,高橋 恵,関東,1818,77763000,8724368
2023/03/07,医薬品原料,化学品,木村 隆史,関西,872,172823000,21043139
2023/03/09,砂糖（精製糖）,食料・農産物,青木 健太,中国・四国,246,603170000,77768793
2023/03/14,発電設備（ガスタービン）,機械・プラント,藤原 拓也,北海道,4,2778327000,316297998
2023/03/14,石炭（原料炭）,エネルギー,田中 誠一,関東,24,3926794000,151546153
2023/03/14,水産物（エビ）,食料・農産物,小林 裕子,九州・沖縄,531,382637000,20660403
2023/03/14,洋上風力発電設備,エネルギー,井上 明子,アジア（中国）,22,6404328000,133921247
2023/03/15,エチレン,化学品,伊藤 浩二,中部,1082,92169000,6097734
2023/03/16,医療機器（診断装置）,機械・プラント,山口 哲也,関西,2,674755000,72152940
2023/03/17,石油製品（ナフサ）,エネルギー,松本 勇気,中部,24,7259213000,304897145
2023/03/18,エチレン,化学品,吉田 真理,関西,431,155602000,13283410
2023/03/21,半導体製造装置,機械・プラント,藤原 拓也,中部,50,288391000,40913670
2023/03/22,銅線・銅管,金属・鉱物,岡田 雄介,九州・沖縄,1142,630292000,26163676
2023/03/23,カカオ豆,食料・農産物,小林 裕子,東北,1188,570879000,38533859
2023/03/26,農薬（殺虫剤）,化学品,林 俊介,アジア（インド）,979,516951000,70543427
2023/03/26,アパレル（既製服）,繊維・生活,林 俊介,アジア（東南アジア）,106,141665000,17844135
2023/03/26,砂糖（精製糖）,食料・農産物,高橋 恵,東北,447,300890000,28887142
2023/03/28,農薬（殺虫剤）,化学品,伊藤 浩二,関西,1696,516269000,67230363
2023/03/28,建設機械（クレーン）,機械・プラント,山口 哲也,関西,25,2170500000,501005700
2023/03/30,牛肉（冷凍）,食料・農産物,高橋 恵,アジア（東南アジア）,271,122064000,7249823
2023/03/31,アパレル（既製服）,繊維・生活,青木 健太,関東,5591,176835000,16128495
2023/04/01,再生可能エネルギー設備,エネルギー,橋本 洋平,アフリカ,30,4073908000,123978139
2023/04/02,洋上風力発電設備,エネルギー,田中 誠一,アフリカ,21,2795242000,56913823
2023/04/04,石炭（一般炭）,エネルギー,中村 翔太,アジア（中国）,22,2459350000,81188919
2023/04/06,化粧品・トイレタリー,繊維・生活,渡辺 敏夫,アジア（インド）,1976,65302000,11319123
2023/04/07,レアアース（ジスプロシウム）,金属・鉱物,加藤 祐樹,関東,5784,505482000,19798878
2023/04/10,コーヒー豆,食料・農産物,鈴木 大輔,欧州,789,525439000,58174333
2023/04/11,砂糖（精製糖）,食料・農産物,鈴木 大輔,中部,595,83556000,5941201
2023/04/11,石油製品（重油）,エネルギー,橋本 洋平,欧州,9,1627192000,46422311
2023/04/16,半導体製造装置,機械・プラント,藤原 拓也,アジア（インド）,39,1725452000,404914757
2023/04/16,銅線・銅管,金属・鉱物,加藤 祐樹,アジア（インド）,2166,1687348000,135147555
2023/04/18,石油製品（重油）,エネルギー,田中 誠一,関西,17,7016694000,203038541
2023/04/19,建設機械（クレーン）,機械・プラント,山田 健一,北米,16,1951699000,267037176
2023/04/20,原油（北海産）,エネルギー,中村 翔太,関東,17,3591498000,160312883
2023/04/21,塗料・コーティング剤,化学品,伊藤 浩二,中部,1527,252678000,14376285
2023/04/23,繊維製品（合成繊維）,繊維・生活,林 俊介,関東,6249,111846000,14271385
2023/04/24,石油製品（重油）,エネルギー,中村 翔太,関東,22,2699213000,105118879
2023/04/25,再生可能エネルギー設備,エネルギー,中村 翔太,関西,21,2082041000,48551823
2023/04/25,石油製品（重油）,エネルギー,橋本 洋平,アジア（東南アジア）,7,3252195000,144144299
2023/04/29,小麦（豪州産）,食料・農産物,高橋 恵,アジア（中国）,1547,37359000,4761017
2023/04/29,レアアース（ネオジム）,金属・鉱物,松本 勇気,北米,3595,1805593000,163201577
2023/05/02,原油（中東産）,エネルギー,松本 勇気,中部,11,3295680000,67663309
2023/05/03,小麦（豪州産）,食料・農産物,木村 隆史,北海道,927,449862000,54597032
2023/05/04,再生可能エネルギー設備,エネルギー,中村 翔太,アジア（中国）,17,6383868000,210053019
2023/05/05,レアアース（ネオジム）,金属・鉱物,加藤 祐樹,北米,706,841401000,62689619
2023/05/07,石炭（一般炭）,エネルギー,橋本 洋平,関東,25,3650152000,130328336
2023/05/08,化粧品・トイレタリー,繊維・生活,井上 明子,東北,4497,225571000,26769988
2023/05/08,金属スクラップ,金属・鉱物,岡田 雄介,中部,2319,1437691000,69580476
2023/05/09,合成樹脂（PET）,化学品,吉田 真理,中部,2910,177541000,18360137
2023/05/09,ニッケル地金,金属・鉱物,佐藤 康弘,アジア（東南アジア）,7862,1511173000,130960045
2023/05/11,プロピレン,化学品,伊藤 浩二,欧州,1913,147392000,18137636
2023/05/14,洋上風力発電設備,エネルギー,田中 誠一,東北,28,3072432000,100332584
2023/05/16,豚肉（冷凍）,食料・農産物,小林 裕子,アジア（東南アジア）,401,334986000,22384846
2023/05/16,原油（中東産）,エネルギー,橋本 洋平,中部,21,6182178000,253802121
2023/05/17,銅線・銅管,金属・鉱物,木村 隆史,関西,3123,1360931000,79472422
2023/05/20,石炭（原料炭）,エネルギー,中村 翔太,アフリカ,25,1061146000,33232103
2023/05/23,建設機械（油圧ショベル）,機械・プラント,山田 健一,関西,1,311338000,50211856
2023/05/26,小麦（米国産）,食料・農産物,鈴木 大輔,関西,1342,337999000,25115832
2023/05/27,石油製品（重油）,エネルギー,青木 健太,北海道,12,3015384000,102726754
2023/05/29,石油製品（ナフサ）,エネルギー,橋本 洋平,北海道,9,2527255000,63712516
2023/06/01,原油（北海産）,エネルギー,林 俊介,アジア（東南アジア）,15,5406869000,118348155
2023/06/01,植物油（パーム油）,食料・農産物,高橋 恵,関西,951,389124000,28398037
2023/06/04,洋上風力発電設備,エネルギー,田中 誠一,アジア（東南アジア）,27,852284000,40433428
2023/06/05,洋上風力発電設備,エネルギー,橋本 洋平,九州・沖縄,17,5694910000,212925716
2023/06/08,水産物（エビ）,食料・農産物,鈴木 大輔,東北,396,210983000,29172559
2023/06/08,建設機械（油圧ショベル）,機械・プラント,藤原 拓也,関西,25,1954580000,377149023
2023/06/09,トウモロコシ（飼料用）,食料・農産物,小林 裕子,関東,1443,417735000,36019520
2023/06/10,合成樹脂（PET）,化学品,松本 勇気,中部,1104,389682000,51459435
2023/06/11,鉄道車両部品,機械・プラント,松本 勇気,アフリカ,10,1586762000,297458635
2023/06/13,亜鉛地金,金属・鉱物,加藤 祐樹,欧州,5782,703576000,48301041
2023/06/13,小麦（豪州産）,食料・農産物,青木 健太,北米,1535,54254000,5961396
2023/06/13,合成樹脂（PE）,化学品,吉田 真理,東北,1396,474953000,53349542
2023/06/14,アパレル（既製服）,繊維・生活,林 俊介,東北,1594,238539000,32537017
2023/06/14,鉄鋼製品（冷延鋼板）,金属・鉱物,青木 健太,欧州,7558,248126000,16502465
2023/06/15,発電設備（ガスタービン）,機械・プラント,松本 勇気,関東,31,2405032000,427721896
2023/06/16,建設機械（油圧ショベル）,機械・プラント,山口 哲也,中東,46,979789000,162371174
2023/06/17,レアアース（ジスプロシウム）,金属・鉱物,青木 健太,アフリカ,4544,1352545000,82605058
2023/06/18,石炭（原料炭）,エネルギー,林 俊介,北米,26,3754266000,179841895
2023/06/19,亜鉛地金,金属・鉱物,林 俊介,北米,4157,1992211000,187164831
2023/06/19,原油（中東産）,エネルギー,中村 翔太,中部,8,2824480000,87375259
2023/06/19,化学肥料（尿素）,化学品,伊藤 浩二,アジア（中国）,1819,93801000,13556454
2023/06/20,水産物（サーモン）,食料・農産物,小林 裕子,関東,894,52120000,6051551
2023/06/22,輸入大豆（北米産）,食料・農産物,鈴木 大輔,中部,1770,188973000,17170619
2023/06/23,金属スクラップ,金属・鉱物,加藤 祐樹,関東,5087,1977027000,154126699
2023/06/24,船舶用エンジン,機械・プラント,山田 健一,アジア（東南アジア）,44,804579000,229848338
2023/06/25,鉄鋼製品（冷延鋼板）,金属・鉱物,佐藤 康弘,中南米,4812,1705473000,117151874
2023/06/25,化学肥料（リン酸）,化学品,伊藤 浩二,東北,1334,167351000,10307509
2023/06/27,LNG（液化天然ガス）,エネルギー,中村 翔太,北米,6,724890000,32024965
2023/06/29,発電設備（変電設備）,機械・プラント,青木 健太,アジア（中国）,21,1721741000,334051976
2023/06/30,レアアース（ネオジム）,金属・鉱物,井上 明子,東北,2287,152916000,9626548
2023/07/01,鉄鋼製品（冷延鋼板）,金属・鉱物,青木 健太,北米,1837,232912000,18181869
2023/07/06,LNG（液化天然ガス）,エネルギー,林 俊介,アジア（東南アジア）,17,6816795000,223489368
2023/07/08,発電設備（ガスタービン）,機械・プラント,松本 勇気,九州・沖縄,24,2064194000,239966506
2023/07/08,食料加工品（缶詰）,食料・農産物,小林 裕子,関東,918,253014000,22776985
2023/07/10,医療機器（診断装置）,機械・プラント,青木 健太,関東,41,386095000,76041831
2023/07/10,コーヒー豆,食料・農産物,小林 裕子,アジア（中国）,102,101231000,13682740
2023/07/13,プロピレン,化学品,青木 健太,中部,2651,445894000,38287751
2023/07/14,エチレン,化学品,林 俊介,中部,1218,81808000,6763223
2023/07/22,小麦（豪州産）,食料・農産物,鈴木 大輔,アジア（東南アジア）,1442,375157000,34376236
2023/07/22,輸入大豆（南米産）,食料・農産物,林 俊介,九州・沖縄,263,189592000,17239741
2023/07/22,繊維製品（合成繊維）,繊維・生活,石川 美穂,関西,6467,169910000,22842233
2023/07/24,建材（タイル・衛生陶器）,繊維・生活,石川 美穂,アジア（東南アジア）,3215,114892000,20443903
2023/07/26,石炭（一般炭）,エネルギー,青木 健太,アジア（中国）,13,4839337000,213018383
2023/07/27,鉄鋼製品（熱延コイル）,金属・鉱物,松本 勇気,欧州,501,1596139000,156947135
2023/07/27,植物油（パーム油）,食料・農産物,高橋 恵,中部,1336,396245000,22066699
2023/07/27,スポーツ用品,繊維・生活,林 俊介,アジア（インド）,6897,56140000,8903277
2023/07/28,半導体製造装置,機械・プラント,木村 隆史,関西,13,2705058000,676010318
2023/07/31,レアアース（ネオジム）,金属・鉱物,林 俊介,中部,6688,1778962000,65661811
2023/08/04,石油製品（ナフサ）,エネルギー,田中 誠一,関西,24,743934000,20554016
2023/08/04,鉄鋼製品（厚板）,金属・鉱物,岡田 雄介,関東,4701,1956006000,97367551
2023/08/05,金属スクラップ,金属・鉱物,加藤 祐樹,中部,2188,673394000,35324943
2023/08/11,亜鉛地金,金属・鉱物,加藤 祐樹,北海道,702,1862565000,156373518
2023/08/13,輸入大豆（南米産）,食料・農産物,高橋 恵,中部,1133,433938000,49509614
2023/08/15,化学肥料（リン酸）,化学品,吉田 真理,九州・沖縄,1704,418832000,35137140
2023/08/18,LNG（液化天然ガス）,エネルギー,林 俊介,中東,28,392875000,20956627
2023/08/20,航空機エンジン部品,機械・プラント,山口 哲也,北米,7,1692532000,307646951
2023/08/20,亜鉛地金,金属・鉱物,林 俊介,九州・沖縄,521,1874798000,165177048
2023/08/21,建材（タイル・衛生陶器）,繊維・生活,井上 明子,中国・四国,1974,145505000,26530672
2023/08/24,航空機エンジン部品,機械・プラント,山口 哲也,関東,28,353015000,40414803
2023/08/26,鉄鋼製品（厚板）,金属・鉱物,加藤 祐樹,アジア（中国）,221,102396000,5272834
2023/08/28,合成樹脂（PP）,化学品,伊藤 浩二,北米,2280,111209000,8512181
2023/08/28,洋上風力発電設備,エネルギー,中村 翔太,東北,2,7201008000,323740056
2023/09/01,石炭（原料炭）,エネルギー,田中 誠一,アジア（インド）,10,6460317000,160497988
2023/09/02,再生可能エネルギー設備,エネルギー,橋本 洋平,アジア（中国）,13,775506000,34535895
2023/09/04,石油製品（ナフサ）,エネルギー,松本 勇気,九州・沖縄,21,3615014000,99524295
2023/09/07,金属スクラップ,金属・鉱物,青木 健太,アジア（中国）,942,346193000,13427667
2023/09/08,合成樹脂（PP）,化学品,松本 勇気,アジア（東南アジア）,1631,284811000,45352511
2023/09/09,塗料・コーティング剤,化学品,青木 健太,アジア（中国）,2704,34200000,4546755
2023/09/09,豚肉（冷凍）,食料・農産物,鈴木 大輔,関西,111,539339000,59681734
2023/09/12,ニッケル地金,金属・鉱物,岡田 雄介,関西,1937,1362908000,110172700
2023/09/12,鉄鋼製品（熱延コイル）,金属・鉱物,岡田 雄介,中国・四国,3802,671189000,21650164
2023/09/14,銅線・銅管,金属・鉱物,加藤 祐樹,アジア（東南アジア）,1865,878460000,70581562
2023/09/14,銅地金,金属・鉱物,岡田 雄介,北米,6915,1285791000,101345538
2023/09/15,LNG（液化天然ガス）,エネルギー,林 俊介,アジア（インド）,25,1012280000,34253999
2023/09/17,石油製品（重油）,エネルギー,中村 翔太,関東,1,5424277000,96295727
2023/09/19,石油製品（重油）,エネルギー,中村 翔太,中部,24,3343171000,82681589
2023/09/19,プロピレン,化学品,青木 健太,欧州,2529,451646000,54734165
2023/09/20,鉄道車両部品,機械・プラント,山口 哲也,アジア（中国）,42,2875613000,561592115
2023/09/20,カカオ豆,食料・農産物,木村 隆史,中東,1668,335716000,36722652
2023/09/20,LNG（液化天然ガス）,エネルギー,田中 誠一,関西,15,3878677000,119160934
2023/09/23,小麦（米国産）,食料・農産物,鈴木 大輔,東北,1724,577117000,46694190
2023/09/25,農薬（除草剤）,化学品,吉田 真理,アジア（インド）,1767,310057000,41707477
2023/09/25,鉄鋼製品（厚板）,金属・鉱物,加藤 祐樹,中国・四国,4277,278957000,11614157
2023/09/26,亜鉛地金,金属・鉱物,岡田 雄介,関西,3722,187600000,12734870
2023/09/27,食料加工品（缶詰）,食料・農産物,高橋 恵,関東,481,391081000,37161928
2023/09/28,石炭（原料炭）,エネルギー,木村 隆史,アジア（インド）,12,7705067000,116987370
2023/09/30,発電設備（変電設備）,機械・プラント,山口 哲也,九州・沖縄,28,2432920000,250131498
2023/10/05,船舶用エンジン,機械・プラント,藤原 拓也,九州・沖縄,13,605037000,133222421
2023/10/06,繊維製品（合成繊維）,繊維・生活,青木 健太,アジア（中国）,398,179544000,22175788
2023/10/10,亜鉛地金,金属・鉱物,木村 隆史,アジア（中国）,5906,309693000,26720352
2023/10/10,牛肉（冷凍）,食料・農産物,鈴木 大輔,中部,912,704067000,64458177
2023/10/12,鉄道車両部品,機械・プラント,青木 健太,関西,43,347776000,42155409
2023/10/13,石炭（一般炭）,エネルギー,青木 健太,東北,1,3516907000,96528219
2023/10/14,合成樹脂（PET）,化学品,吉田 真理,アジア（インド）,2112,167253000,10827100
2023/10/17,エチレン,化学品,青木 健太,北海道,430,219601000,26602486
2023/10/20,化学肥料（リン酸）,化学品,木村 隆史,北米,164,492173000,67564114
2023/10/20,再生可能エネルギー設備,エネルギー,田中 誠一,九州・沖縄,8,6374191000,281023153
2023/10/21,アルミニウム板・押出品,金属・鉱物,佐藤 康弘,九州・沖縄,4997,729213000,24167526
2023/10/24,砂糖（精製糖）,食料・農産物,林 俊介,中部,1449,127062000,15832726
2023/10/26,金属スクラップ,金属・鉱物,林 俊介,東北,2635,1121144000,98588692
2023/10/28,産業機械（プレス機）,機械・プラント,藤原 拓也,関東,19,2253941000,310591644
2023/10/28,家具・インテリア,繊維・生活,井上 明子,関西,2638,342064000,30532567
2023/10/29,石油製品（重油）,エネルギー,橋本 洋平,関西,25,7729326000,260804575
2023/11/01,食料加工品（缶詰）,食料・農産物,青木 健太,東北,774,509848000,37131477
2023/11/02,農業機械,機械・プラント,山口 哲也,アジア（東南アジア）,5,2705853000,668707218
2023/11/05,建設機械（油圧ショベル）,機械・プラント,藤原 拓也,関東,31,3047428000,622927190
2023/11/08,輸入大豆（南米産）,食料・農産物,小林 裕子,北米,1107,409226000,23748534
2023/11/08,鉄鋼製品（冷延鋼板）,金属・鉱物,松本 勇気,関東,2675,788832000,54408617
2023/11/09,農薬（殺虫剤）,化学品,吉田 真理,中南米,2047,274093000,27805184
2023/11/09,レアアース（ネオジム）,金属・鉱物,佐藤 康弘,アジア（インド）,5136,1883209000,169279841
2023/11/11,医薬品原料,化学品,松本 勇気,関東,749,328237000,34316337
2023/11/12,発電設備（変電設備）,機械・プラント,山田 健一,オセアニア,10,192829000,38924328
2023/11/13,鉄鋼製品（熱延コイル）,金属・鉱物,林 俊介,関西,7746,135722000,6596707
2023/11/15,石油製品（ナフサ）,エネルギー,中村 翔太,関東,29,4032526000,108880836
2023/11/17,船舶用エンジン,機械・プラント,藤原 拓也,関東,33,1785173000,389099610
2023/11/18,航空機エンジン部品,機械・プラント,山口 哲也,アジア（東南アジア）,2,3010210000,489581829
2023/11/22,発電設備（ガスタービン）,機械・プラント,山田 健一,関東,37,1226377000,199268037
2023/11/22,産業機械（工作機械）,機械・プラント,山口 哲也,アジア（中国）,33,1398599000,307921704
2023/11/23,銅線・銅管,金属・鉱物,加藤 祐樹,九州・沖縄,7725,108158000,3887737
2023/11/23,石油製品（ナフサ）,エネルギー,井上 明子,中部,23,4779273000,132784846
2023/11/24,鉄鋼製品（冷延鋼板）,金属・鉱物,岡田 雄介,関西,949,1371838000,104657634
2023/11/25,建設機械（油圧ショベル）,機械・プラント,山田 健一,中部,42,1180353000,149035346
2023/11/25,化粧品・トイレタリー,繊維・生活,渡辺 敏夫,関東,4787,215931000,26524294
2023/11/25,原油（中東産）,エネルギー,橋本 洋平,欧州,15,7004977000,119140445
2023/11/26,スポーツ用品,繊維・生活,石川 美穂,北米,2096,86236000,8228222
2023/12/01,農業機械,機械・プラント,松本 勇気,中部,3,3099187000,693552926
2023/12/02,化学肥料（リン酸）,化学品,青木 健太,アジア（東南アジア）,538,394214000,43625741
2023/12/03,エチレン,化学品,吉田 真理,アジア（東南アジア）,2269,199958000,14892686
2023/12/03,金属スクラップ,金属・鉱物,木村 隆史,北海道,3454,879560000,69837384
2023/12/05,建設機械（クレーン）,機械・プラント,松本 勇気,中部,32,3074914000,399821077
2023/12/05,レアアース（ジスプロシウム）,金属・鉱物,加藤 祐樹,中部,2291,991768000,56506736
2023/12/06,レアアース（ジスプロシウム）,金属・鉱物,加藤 祐樹,中国・四国,7813,391531000,25386396
2023/12/07,レアアース（ネオジム）,金属・鉱物,加藤 祐樹,アジア（中国）,3504,370258000,21865611
2023/12/08,建設機械（油圧ショベル）,機械・プラント,林 俊介,中部,13,819777000,179375283
2023/12/09,LNG（液化天然ガス）,エネルギー,中村 翔太,中国・四国,4,10859847000,248183344
2023/12/11,化学肥料（尿素）,化学品,伊藤 浩二,中東,369,237068000,37130518
2023/12/12,鉄鋼製品（熱延コイル）,金属・鉱物,加藤 祐樹,オセアニア,2072,1070309000,45925530
2023/12/16,石炭（原料炭）,エネルギー,井上 明子,関西,20,7022433000,239954680
2023/12/21,建材（タイル・衛生陶器）,繊維・生活,石川 美穂,関西,9124,243459000,27494828
2023/12/22,化学肥料（リン酸）,化学品,伊藤 浩二,アジア（中国）,1013,167417000,21842697
2023/12/25,鉄鋼製品（厚板）,金属・鉱物,岡田 雄介,欧州,7151,695201000,39134195
2023/12/28,石炭（原料炭）,エネルギー,中村 翔太,アジア（東南アジア）,22,10065255000,331323618
2023/12/29,石油製品（ナフサ）,エネルギー,井上 明子,関東,17,5827571000,147644095
2023/12/29,食料加工品（冷凍食品）,食料・農産物,鈴木 大輔,アジア（インド）,1064,445610000,41002073
2023/12/30,農業機械,機械・プラント,山口 哲也,アジア（東南アジア）,20,1035182000,272668825
2023/12/30,石炭（原料炭）,エネルギー,田中 誠一,欧州,28,5291438000,260900491
2023/12/31,化学肥料（リン酸）,化学品,伊藤 浩二,中部,2915,99173000,7194706
2024/01/02,食料加工品（冷凍食品）,食料・農産物,林 俊介,関東,832,451958000,42939178
2024/01/05,石油製品（ナフサ）,エネルギー,林 俊介,北海道,20,5551198000,232006495
2024/01/06,砂糖（精製糖）,食料・農産物,林 俊介,中南米,476,435408000,56921589
2024/01/09,食料加工品（冷凍食品）,食料・農産物,高橋 恵,中部,932,302858000,35978431
2024/01/09,銅地金,金属・鉱物,井上 明子,アジア（インド）,5369,1509085000,118039348
2024/01/10,小麦（豪州産）,食料・農産物,鈴木 大輔,中部,1938,242249000,33324246
2024/01/11,塗料・コーティング剤,化学品,青木 健太,アジア（東南アジア）,406,87843000,9181202
2024/01/12,レアアース（ジスプロシウム）,金属・鉱物,岡田 雄介,北海道,3990,1189708000,93921414
2024/01/14,建設機械（クレーン）,機械・プラント,山田 健一,東北,27,1468071000,298862611
2024/01/18,植物油（パーム油）,食料・農産物,小林 裕子,欧州,137,543974000,69643837
2024/01/18,亜鉛地金,金属・鉱物,加藤 祐樹,中国・四国,1518,686040000,39502054
2024/01/19,アルミニウム板・押出品,金属・鉱物,木村 隆史,中部,470,866956000,46845878
2024/01/19,ニッケル地金,金属・鉱物,岡田 雄介,関西,6156,2054231000,165480869
2024/01/20,鉄鋼製品（冷延鋼板）,金属・鉱物,佐藤 康弘,アジア（東南アジア）,6041,1662366000,156616344
2024/01/31,コーヒー豆,食料・農産物,松本 勇気,北米,1692,298609000,35043437
2024/02/02,建設機械（クレーン）,機械・プラント,山田 健一,関東,15,3099185000,606484737
2024/02/06,石油製品（重油）,エネルギー,青木 健太,九州・沖縄,13,3857479000,135311397
2024/02/07,アパレル（既製服）,繊維・生活,松本 勇気,アジア（中国）,7893,237595000,32620325
2024/02/07,鉄鋼製品（厚板）,金属・鉱物,佐藤 康弘,アジア（インド）,4751,1655215000,116633182
2024/02/09,原油（中東産）,エネルギー,中村 翔太,オセアニア,30,1334565000,37729865
2024/02/10,レアアース（ネオジム）,金属・鉱物,岡田 雄介,中東,7686,2002643000,100137405
2024/02/11,化粧品・トイレタリー,繊維・生活,石川 美穂,中東,6384,10726000,1350577
2024/02/16,鉄鋼製品（冷延鋼板）,金属・鉱物,井上 明子,中東,5135,650155000,33563936
2024/02/18,石油製品（ナフサ）,エネルギー,木村 隆史,北海道,5,7438306000,112730825
2024/02/19,発電設備（ガスタービン）,機械・プラント,藤原 拓也,中部,50,287658000,32625913
2024/02/20,建設機械（クレーン）,機械・プラント,山田 健一,北米,36,992085000,217124050
2024/02/21,化粧品・トイレタリー,繊維・生活,渡辺 敏夫,関西,2762,38199000,6407282
2024/02/22,金属スクラップ,金属・鉱物,松本 勇気,関東,5775,1377285000,60845909
2024/02/25,石炭（原料炭）,エネルギー,橋本 洋平,九州・沖縄,29,5627226000,234284165
2024/02/26,農業機械,機械・プラント,木村 隆史,北海道,36,1685546000,404623839
2024/02/26,発電設備（ガスタービン）,機械・プラント,山口 哲也,アジア（東南アジア）,26,1896197000,503992601
2024/02/27,原油（中東産）,エネルギー,橋本 洋平,九州・沖縄,30,9023765000,384313527
2024/02/29,輸入大豆（南米産）,食料・農産物,高橋 恵,中部,1122,658593000,64007776
2024/03/03,輸入大豆（北米産）,食料・農産物,鈴木 大輔,中部,133,77881000,10444811
2024/03/03,石油製品（重油）,エネルギー,松本 勇気,アジア（インド）,1,8012789000,178044082
2024/03/04,再生可能エネルギー設備,エネルギー,橋本 洋平,関西,29,2063225000,75825000
2024/03/07,カカオ豆,食料・農産物,小林 裕子,アジア（中国）,1682,300159000,15089410
2024/03/08,合成樹脂（PE）,化学品,青木 健太,欧州,2210,92032000,8786946
2024/03/15,原油（中東産）,エネルギー,中村 翔太,アジア（東南アジア）,2,6468482000,152703889
2024/03/16,石油製品（ナフサ）,エネルギー,青木 健太,中国・四国,7,1445055000,52755401
2024/03/16,コーヒー豆,食料・農産物,鈴木 大輔,九州・沖縄,386,235882000,27809886
2024/03/17,建設機械（クレーン）,機械・プラント,林 俊介,関西,6,2625215000,469456693
2024/03/18,産業機械（プレス機）,機械・プラント,松本 勇気,関東,33,2873709000,374511863
2024/03/18,洋上風力発電設備,エネルギー,中村 翔太,北米,17,4330451000,134931898
2024/03/18,輸入大豆（北米産）,食料・農産物,青木 健太,関東,1213,573635000,66075565
2024/03/22,半導体製造装置,機械・プラント,藤原 拓也,アフリカ,25,1375737000,247874212
2024/03/22,発電設備（変電設備）,機械・プラント,松本 勇気,アジア（東南アジア）,21,2349288000,376184476
2024/03/22,銅地金,金属・鉱物,加藤 祐樹,中国・四国,522,1738753000,80169893
2024/03/24,化粧品・トイレタリー,繊維・生活,渡辺 敏夫,中部,2318,72346000,12436228
2024/03/26,植物油（パーム油）,食料・農産物,高橋 恵,九州・沖縄,974,402728000,47586963
2024/03/26,石油製品（重油）,エネルギー,橋本 洋平,北海道,21,8770382000,308193641
2024/03/27,エチレン,化学品,伊藤 浩二,東北,1747,436771000,45071867
2024/03/30,石炭（一般炭）,エネルギー,林 俊介,欧州,17,933373000,45379150
2024/03/30,食料加工品（缶詰）,食料・農産物,小林 裕子,中部,1221,407735000,52668862
2024/03/30,レアアース（ジスプロシウム）,金属・鉱物,岡田 雄介,九州・沖縄,2805,570679000,39264056
2024/03/31,石炭（一般炭）,エネルギー,中村 翔太,欧州,15,1685610000,81153161
2024/04/01,原油（中東産）,エネルギー,田中 誠一,関東,3,5037088000,182418579
2024/04/09,産業機械（工作機械）,機械・プラント,山田 健一,中国・四国,2,1487327000,266845274
2024/04/12,原油（北海産）,エネルギー,橋本 洋平,関西,17,1802764000,40692973
2024/04/14,化学肥料（尿素）,化学品,吉田 真理,北米,1321,441309000,69007131
2024/04/16,医療機器（診断装置）,機械・プラント,藤原 拓也,関西,47,2878098000,564838728
2024/04/16,再生可能エネルギー設備,エネルギー,橋本 洋平,関東,30,5088886000,170455192
2024/04/17,アルミニウム板・押出品,金属・鉱物,佐藤 康弘,東北,2626,1375441000,62848985
2024/04/18,再生可能エネルギー設備,エネルギー,田中 誠一,アジア（中国）,13,5575690000,236709193
2024/04/18,鉄鋼製品（厚板）,金属・鉱物,佐藤 康弘,中部,6926,827026000,37004286
2024/04/18,原油（北海産）,エネルギー,井上 明子,アフリカ,2,5178565000,102060123
2024/04/22,電子材料（半導体用薬品）,化学品,伊藤 浩二,中国・四国,314,508685000,73514551
2024/04/23,銅線・銅管,金属・鉱物,加藤 祐樹,九州・沖縄,4728,880438000,39260908
2024/04/24,牛肉（冷凍）,食料・農産物,高橋 恵,中部,443,679488000,91285393
2024/04/24,石炭（一般炭）,エネルギー,木村 隆史,関東,30,2310223000,75130662
2024/04/26,砂糖（精製糖）,食料・農産物,鈴木 大輔,アジア（中国）,1741,95616000,8514783
2024/04/30,コーヒー豆,食料・農産物,林 俊介,中部,1129,136085000,12784977
2024/04/30,トウモロコシ（飼料用）,食料・農産物,鈴木 大輔,中国・四国,891,530299000,64990843
2024/05/01,アルミニウム地金,金属・鉱物,木村 隆史,アジア（東南アジア）,1701,1267226000,77951259
2024/05/02,トウモロコシ（飼料用）,食料・農産物,鈴木 大輔,中東,584,477251000,70896916
2024/05/02,金属スクラップ,金属・鉱物,岡田 雄介,北米,742,1462602000,105052576
2024/05/03,石油製品（重油）,エネルギー,中村 翔太,アジア（東南アジア）,4,3721043000,64803386
2024/05/03,鉄鋼製品（厚板）,金属・鉱物,加藤 祐樹,関西,2555,617000000,36436243
2024/05/05,鉄鋼製品（冷延鋼板）,金属・鉱物,佐藤 康弘,オセアニア,6336,962267000,44443250
2024/05/10,小麦（豪州産）,食料・農産物,松本 勇気,中国・四国,357,477825000,29861962
2024/05/11,石炭（原料炭）,エネルギー,橋本 洋平,九州・沖縄,5,5508557000,204861354
2024/05/11,電子材料（半導体用薬品）,化学品,林 俊介,関東,2857,200958000,14084171
2024/05/13,石炭（一般炭）,エネルギー,青木 健太,関東,20,4331663000,189058688
2024/05/18,LNG（液化天然ガス）,エネルギー,松本 勇気,関西,13,5842817000,206315997
2024/05/18,石油製品（重油）,エネルギー,中村 翔太,北米,4,2934089000,136134943
2024/05/23,鉄鋼製品（厚板）,金属・鉱物,井上 明子,アジア（東南アジア）,6425,829983000,65159687
2024/05/26,石油製品（重油）,エネルギー,橋本 洋平,中部,16,4922930000,216770847
2024/05/27,家具・インテリア,繊維・生活,林 俊介,九州・沖縄,7312,277189000,33309343
2024/05/29,牛肉（冷凍）,食料・農産物,小林 裕子,中東,480,629235000,51262206
2024/05/29,カカオ豆,食料・農産物,高橋 恵,欧州,857,42070000,3795796
2024/05/30,石油製品（ナフサ）,エネルギー,田中 誠一,中南米,25,4212258000,195787732
2024/05/31,家具・インテリア,繊維・生活,渡辺 敏夫,アジア（東南アジア）,7481,252876000,38747655
2024/06/04,食料加工品（冷凍食品）,食料・農産物,鈴木 大輔,北海道,1895,215817000,29471000
2024/06/06,水産物（サーモン）,食料・農産物,鈴木 大輔,アジア（中国）,1730,290346000,26115652
2024/06/07,小麦（米国産）,食料・農産物,井上 明子,アジア（中国）,1520,277916000,29256112
2024/06/08,石油製品（ナフサ）,エネルギー,井上 明子,関東,30,5290355000,235510808
2024/06/09,塗料・コーティング剤,化学品,吉田 真理,北米,1508,292062000,26985758
2024/06/10,金属スクラップ,金属・鉱物,加藤 祐樹,北米,3451,1685199000,127008187
2024/06/12,水産物（エビ）,食料・農産物,高橋 恵,中東,866,571852000,66110749
2024/06/12,医薬品原料,化学品,伊藤 浩二,中部,857,194218000,19831888
2024/06/12,航空機エンジン部品,機械・プラント,藤原 拓也,中南米,25,1178549000,257112329
2024/06/13,水産物（エビ）,食料・農産物,高橋 恵,中部,956,297005000,21047853
2024/06/15,アパレル（既製服）,繊維・生活,木村 隆史,関西,3165,95329000,11224951
2024/06/16,LNG（液化天然ガス）,エネルギー,木村 隆史,九州・沖縄,15,2665538000,119205574
2024/06/18,銅線・銅管,金属・鉱物,加藤 祐樹,関東,4283,583510000,43653072
2024/06/18,牛肉（冷凍）,食料・農産物,高橋 恵,オセアニア,409,333117000,41096455
2024/06/20,レアアース（ネオジム）,金属・鉱物,松本 勇気,関西,6658,1434731000,68647129
2024/06/22,船舶用エンジン,機械・プラント,松本 勇気,アジア（中国）,50,388626000,53332951
2024/06/23,植物油（パーム油）,食料・農産物,鈴木 大輔,東北,1591,275157000,30586450
2024/06/23,水産物（サーモン）,食料・農産物,木村 隆史,アジア（中国）,624,230374000,12445143
2024/06/23,砂糖（精製糖）,食料・農産物,高橋 恵,中部,249,180562000,12002679
2024/06/23,石油製品（重油）,エネルギー,田中 誠一,アジア（東南アジア）,14,3892857000,91724784
2024/06/25,亜鉛地金,金属・鉱物,松本 勇気,関東,5649,2070851000,142484108
2024/06/26,船舶用エンジン,機械・プラント,山田 健一,オセアニア,46,1691112000,222292037
2024/06/26,銅線・銅管,金属・鉱物,佐藤 康弘,関東,2380,493346000,37069786
2024/07/04,カカオ豆,食料・農産物,鈴木 大輔,アジア（インド）,457,325005000,45201635
2024/07/05,半導体製造装置,機械・プラント,山田 健一,アフリカ,9,3124073000,685918908
2024/07/06,カカオ豆,食料・農産物,林 俊介,関西,470,56137000,5523026
2024/07/07,農業機械,機械・プラント,藤原 拓也,欧州,26,2874796000,425063359
2024/07/10,石油製品（ナフサ）,エネルギー,橋本 洋平,中部,11,4179295000,185435338
2024/07/12,塗料・コーティング剤,化学品,井上 明子,アジア（東南アジア）,477,78653000,6833688
2024/07/12,医療機器（診断装置）,機械・プラント,林 俊介,関西,3,3151184000,527696804
2024/07/14,建設機械（クレーン）,機械・プラント,林 俊介,欧州,10,1467298000,298545946
2024/07/15,化学肥料（尿素）,化学品,井上 明子,中部,391,22416000,2759257
2024/07/16,食料加工品（冷凍食品）,食料・農産物,青木 健太,中部,277,394706000,39846671
2024/07/23,プロピレン,化学品,井上 明子,欧州,980,80774000,6655086
2024/07/26,金属スクラップ,金属・鉱物,松本 勇気,アジア（東南アジア）,1240,394365000,35632011
2024/07/30,鉄鋼製品（冷延鋼板）,金属・鉱物,井上 明子,北米,3400,1635156000,108781657
2024/07/30,電子材料（半導体用薬品）,化学品,伊藤 浩二,関東,1892,339160000,17510198
2024/07/31,アルミニウム板・押出品,金属・鉱物,青木 健太,中国・四国,6777,1905315000,68045485
2024/08/01,石油製品（重油）,エネルギー,中村 翔太,関西,3,5194090000,160230378
2024/08/02,再生可能エネルギー設備,エネルギー,林 俊介,関東,1,4812690000,110044843
2024/08/03,石油製品（重油）,エネルギー,井上 明子,中部,8,5655503000,157658051
2024/08/03,石油製品（ナフサ）,エネルギー,青木 健太,関東,23,6865445000,130204911
2024/08/06,合成樹脂（PE）,化学品,青木 健太,アフリカ,2182,89308000,10840185
2024/08/07,金属スクラップ,金属・鉱物,佐藤 康弘,アジア（東南アジア）,3472,365395000,27315612
2024/08/10,鉄鋼製品（熱延コイル）,金属・鉱物,佐藤 康弘,関西,1180,1474321000,122263768
2024/08/13,スポーツ用品,繊維・生活,木村 隆史,中部,6906,245422000,32108321
2024/08/14,原油（北海産）,エネルギー,橋本 洋平,アジア（インド）,13,4829312000,123369938
2024/08/15,産業機械（工作機械）,機械・プラント,山田 健一,北海道,15,564771000,100482157
2024/08/17,カカオ豆,食料・農産物,木村 隆史,関東,1803,626488000,48332571
2024/08/21,石炭（原料炭）,エネルギー,中村 翔太,アジア（中国）,12,2278682000,79606358
2024/08/22,家具・インテリア,繊維・生活,渡辺 敏夫,九州・沖縄,6995,286925000,35535516
2024/08/24,鉄鋼製品（厚板）,金属・鉱物,佐藤 康弘,中部,4633,226835000,14984707
2024/08/25,原油（北海産）,エネルギー,木村 隆史,北米,12,1171847000,51975324
2024/08/31,小麦（豪州産）,食料・農産物,木村 隆史,九州・沖縄,1615,486595000,63652528
2024/09/02,発電設備（ガスタービン）,機械・プラント,青木 健太,関東,33,1425914000,286607084
2024/09/02,原油（北海産）,エネルギー,橋本 洋平,関東,3,7327356000,240021269
2024/09/03,小麦（豪州産）,食料・農産物,鈴木 大輔,北海道,301,82743000,9436733
2024/09/06,繊維製品（合成繊維）,繊維・生活,井上 明子,東北,8285,136342000,24967379
2024/09/06,輸入大豆（北米産）,食料・農産物,青木 健太,欧州,976,218526000,21485296
2024/09/07,船舶用エンジン,機械・プラント,松本 勇気,関西,6,395468000,69877496
2024/09/07,エチレン,化学品,吉田 真理,関東,2988,378146000,30535691
2024/09/12,LNG（液化天然ガス）,エネルギー,中村 翔太,関東,1,1594154000,31747543
2024/09/12,小麦（米国産）,食料・農産物,小林 裕子,関西,842,381402000,23214530
2024/09/14,アパレル（既製服）,繊維・生活,木村 隆史,中部,1183,214536000,25147982
2024/09/18,水産物（サーモン）,食料・農産物,高橋 恵,アジア（東南アジア）,1592,401481000,55800581
2024/09/20,建設機械（クレーン）,機械・プラント,山田 健一,関西,8,3392022000,569879289
2024/09/21,建設機械（クレーン）,機械・プラント,藤原 拓也,関東,15,1558555000,282459696
2024/09/23,鉄鋼製品（冷延鋼板）,金属・鉱物,林 俊介,中東,3617,746692000,36646559
2024/09/23,鉄鋼製品（厚板）,金属・鉱物,佐藤 康弘,中部,7686,1814815000,141644512
2024/09/24,アルミニウム板・押出品,金属・鉱物,林 俊介,関東,6021,1241312000,45829259
2024/09/24,農薬（除草剤）,化学品,吉田 真理,アジア（東南アジア）,831,26853000,2482094
2024/09/24,石炭（一般炭）,エネルギー,青木 健太,中国・四国,12,6327114000,181928196
2024/09/25,洋上風力発電設備,エネルギー,田中 誠一,オセアニア,15,1020748000,41831240
2024/09/25,農薬（除草剤）,化学品,吉田 真理,東北,840,148927000,9473422
2024/09/28,カカオ豆,食料・農産物,青木 健太,アジア（中国）,269,161473000,18969827
2024/09/30,繊維原料（綿花）,繊維・生活,木村 隆史,北米,6970,258618000,30069873
2024/10/01,石炭（一般炭）,エネルギー,松本 勇気,中部,12,7340497000,311379479
2024/10/06,カカオ豆,食料・農産物,小林 裕子,中部,668,479105000,40702036
2024/10/08,再生可能エネルギー設備,エネルギー,中村 翔太,北米,1,1786299000,35130185
2024/10/09,石油製品（重油）,エネルギー,橋本 洋平,アジア（中国）,3,9192197000,298468008
2024/10/12,化学肥料（リン酸）,化学品,吉田 真理,アジア（東南アジア）,89,482220000,83836937
2024/10/12,石炭（一般炭）,エネルギー,田中 誠一,中東,2,7715843000,339499557
2024/10/14,農薬（除草剤）,化学品,吉田 真理,関東,698,287253000,40908611
2024/10/16,石炭（原料炭）,エネルギー,中村 翔太,欧州,20,810239000,31144176
2024/10/16,発電設備（変電設備）,機械・プラント,松本 勇気,アジア（東南アジア）,13,2124986000,561404560
2024/10/17,小麦（豪州産）,食料・農産物,青木 健太,欧州,1466,155720000,12429075
2024/10/18,石炭（原料炭）,エネルギー,中村 翔太,北米,13,2102618000,96844212
2024/10/21,レアアース（ジスプロシウム）,金属・鉱物,加藤 祐樹,関東,1224,634231000,34980433
2024/10/23,水産物（サーモン）,食料・農産物,小林 裕子,欧州,1663,110851000,14541862
2024/10/26,建設機械（クレーン）,機械・プラント,藤原 拓也,関東,18,2462373000,443358716
2024/10/28,繊維製品（合成繊維）,繊維・生活,渡辺 敏夫,アフリカ,7365,80561000,15178921
2024/10/28,繊維原料（綿花）,繊維・生活,石川 美穂,アジア（東南アジア）,6463,352844000,50857427
2024/10/30,農薬（殺虫剤）,化学品,井上 明子,関東,717,414242000,35373916
2024/11/03,原油（北海産）,エネルギー,田中 誠一,中部,21,3787621000,157412042
2024/11/03,鉄道車両部品,機械・プラント,山口 哲也,関西,11,193115000,37798128
2024/11/06,家具・インテリア,繊維・生活,青木 健太,九州・沖縄,5044,45052000,5348230
2024/11/06,発電設備（変電設備）,機械・プラント,山口 哲也,北米,4,2717971000,497756488
2024/11/08,電子材料（半導体用薬品）,化学品,青木 健太,アジア（インド）,56,206641000,15812426
2024/11/09,銅地金,金属・鉱物,佐藤 康弘,中部,2256,981883000,55362908
2024/11/11,医療機器（診断装置）,機械・プラント,山田 健一,関西,3,367479000,53003808
2024/11/12,鉄鋼製品（熱延コイル）,金属・鉱物,岡田 雄介,アジア（東南アジア）,6443,1963834000,81266822
2024/11/13,農業機械,機械・プラント,藤原 拓也,関西,16,1122793000,128433358
2024/11/16,レアアース（ネオジム）,金属・鉱物,佐藤 康弘,関東,1892,537922000,16780842
2024/11/16,繊維原料（綿花）,繊維・生活,渡辺 敏夫,アジア（東南アジア）,3719,317665000,53063874
2024/11/18,半導体製造装置,機械・プラント,林 俊介,アジア（中国）,21,1870340000,235906733
2024/11/18,鉄鋼製品（冷延鋼板）,金属・鉱物,加藤 祐樹,中部,1418,1902822000,140654899
2024/11/18,石油製品（重油）,エネルギー,橋本 洋平,関東,7,3905437000,106534056
2024/11/18,輸入大豆（南米産）,食料・農産物,小林 裕子,北米,1842,426744000,49700791
2024/11/19,化学肥料（尿素）,化学品,松本 勇気,中部,1973,228322000,29424540
2024/11/21,繊維製品（合成繊維）,繊維・生活,石川 美穂,アジア（東南アジア）,8009,215471000,39520206
2024/11/22,石炭（原料炭）,エネルギー,松本 勇気,関東,22,8191665000,146639639
2024/11/24,鉄道車両部品,機械・プラント,林 俊介,中部,12,2518499000,394793899
2024/11/25,建設機械（油圧ショベル）,機械・プラント,藤原 拓也,アジア（インド）,37,3548014000,563212501
2024/11/27,牛肉（冷凍）,食料・農産物,小林 裕子,関西,885,336994000,19507420
2024/11/28,石炭（一般炭）,エネルギー,林 俊介,関東,30,7832418000,306033979
2024/12/01,石油製品（ナフサ）,エネルギー,青木 健太,東北,30,5364906000,100410577
2024/12/02,化粧品・トイレタリー,繊維・生活,林 俊介,欧州,1393,194831000,29236560
2024/12/05,発電設備（ガスタービン）,機械・プラント,山口 哲也,アジア（中国）,42,3595974000,520764160
2024/12/06,スポーツ用品,繊維・生活,井上 明子,アジア（インド）,1020,343956000,48784092
2024/12/06,洋上風力発電設備,エネルギー,田中 誠一,関東,29,10786843000,345828009
2024/12/07,LNG（液化天然ガス）,エネルギー,田中 誠一,北米,14,2133886000,42670359
2024/12/07,銅地金,金属・鉱物,加藤 祐樹,アジア（インド）,831,1317419000,54377972
2024/12/09,鉄道車両部品,機械・プラント,山口 哲也,中部,5,497416000,74832530
2024/12/12,再生可能エネルギー設備,エネルギー,松本 勇気,東北,16,12090260000,394219943
2024/12/13,銅線・銅管,金属・鉱物,井上 明子,北海道,406,1325740000,53469724
2024/12/14,農薬（殺虫剤）,化学品,林 俊介,関西,1595,53713000,7081549
2024/12/14,建設機械（クレーン）,機械・プラント,青木 健太,関西,14,926940000,130107649
2024/12/14,合成樹脂（PP）,化学品,伊藤 浩二,アジア（東南アジア）,2929,515240000,86653734
2024/12/15,豚肉（冷凍）,食料・農産物,高橋 恵,北米,1280,649879000,49028657
2024/12/18,アパレル（既製服）,繊維・生活,林 俊介,関西,1197,360594000,32613308
2024/12/18,鉄鋼製品（冷延鋼板）,金属・鉱物,佐藤 康弘,中国・四国,7008,1437283000,115503949
2024/12/19,水産物（エビ）,食料・農産物,林 俊介,九州・沖縄,313,415715000,41984493
2024/12/19,アルミニウム板・押出品,金属・鉱物,木村 隆史,北米,324,242403000,13854177
2024/12/20,牛肉（冷凍）,食料・農産物,林 俊介,中南米,980,654031000,99059338
2024/12/20,農薬（除草剤）,化学品,井上 明子,関西,2783,266007000,27149682
2024/12/23,銅地金,金属・鉱物,青木 健太,中部,7255,1010695000,31070611
2024/12/23,石炭（一般炭）,エネルギー,青木 健太,関東,2,1022716000,43507291
2024/12/24,石油製品（重油）,エネルギー,田中 誠一,九州・沖縄,23,11116946000,245988875
2024/12/24,コーヒー豆,食料・農産物,井上 明子,関東,285,820202000,63191019
2024/12/27,トウモロコシ（飼料用）,食料・農産物,高橋 恵,関東,630,774352000,60388178
2024/12/29,産業機械（プレス機）,機械・プラント,山口 哲也,アジア（東南アジア）,19,471300000,128197394
2025/01/01,レアアース（ネオジム）,金属・鉱物,佐藤 康弘,関東,6085,1172189000,61406391
2025/01/02,鉄鋼製品（厚板）,金属・鉱物,加藤 祐樹,九州・沖縄,1468,1287199000,43658213
2025/01/02,産業機械（工作機械）,機械・プラント,山田 健一,欧州,35,1049949000,231387466
2025/01/04,医療機器（診断装置）,機械・プラント,青木 健太,関東,27,2658912000,443100089
2025/01/06,電子材料（半導体用薬品）,化学品,吉田 真理,中国・四国,2703,491540000,67660224
2025/01/06,レアアース（ネオジム）,金属・鉱物,岡田 雄介,アジア（インド）,4679,1573248000,119213013
2025/01/06,家具・インテリア,繊維・生活,青木 健太,関東,3530,139754000,23945896
2025/01/08,家具・インテリア,繊維・生活,井上 明子,中部,6709,64029000,5269264
2025/01/13,植物油（パーム油）,食料・農産物,小林 裕子,北海道,255,187640000,24031955
2025/01/13,小麦（米国産）,食料・農産物,小林 裕子,北米,275,631894000,76190349
2025/01/14,水産物（サーモン）,食料・農産物,木村 隆史,関西,1300,567701000,28860448
2025/01/19,再生可能エネルギー設備,エネルギー,中村 翔太,関西,13,5449236000,202177351
2025/01/21,鉄道車両部品,機械・プラント,青木 健太,関西,15,2795353000,567310508
2025/01/21,アルミニウム板・押出品,金属・鉱物,松本 勇気,中部,3954,1837320000,61036904
2025/01/21,化粧品・トイレタリー,繊維・生活,渡辺 敏夫,中部,1424,215476000,29845516
2025/01/22,アルミニウム板・押出品,金属・鉱物,加藤 祐樹,アジア（インド）,2867,1303332000,73012546
2025/01/23,建設機械（油圧ショベル）,機械・プラント,山田 健一,アジア（インド）,11,2287939000,271061965
2025/01/24,産業機械（工作機械）,機械・プラント,林 俊介,欧州,26,3104863000,712138233
2025/01/29,家具・インテリア,繊維・生活,青木 健太,関東,5131,111958000,14605672
2025/01/29,食料加工品（缶詰）,食料・農産物,鈴木 大輔,欧州,420,154416000,14955657
2025/01/29,化学肥料（リン酸）,化学品,吉田 真理,関東,1029,25373000,1842753
2025/01/29,医療機器（診断装置）,機械・プラント,藤原 拓也,関西,9,2347044000,382154770
2025/02/02,石炭（原料炭）,エネルギー,橋本 洋平,北米,24,3931613000,85552519
2025/02/04,水産物（サーモン）,食料・農産物,高橋 恵,オセアニア,163,578887000,66641891
2025/02/05,銅線・銅管,金属・鉱物,木村 隆史,欧州,5415,1734987000,155118922
2025/02/07,植物油（パーム油）,食料・農産物,小林 裕子,中部,1029,582528000,39540951
2025/02/08,金属スクラップ,金属・鉱物,青木 健太,アジア（中国）,4823,1666956000,122398599
2025/02/15,金属スクラップ,金属・鉱物,加藤 祐樹,九州・沖縄,1032,774167000,41841133
2025/02/16,船舶用エンジン,機械・プラント,山田 健一,中部,11,1637009000,173377024
2025/02/19,産業機械（工作機械）,機械・プラント,青木 健太,関西,38,1660494000,286271203
2025/02/20,LNG（液化天然ガス）,エネルギー,井上 明子,アジア（中国）,29,4103300000,115431719
2025/02/20,石油製品（ナフサ）,エネルギー,井上 明子,アジア（中国）,27,4708270000,187356821
2025/02/21,建設機械（油圧ショベル）,機械・プラント,山口 哲也,中東,27,525512000,92482959
2025/02/24,家具・インテリア,繊維・生活,木村 隆史,中国・四国,1660,200209000,26415925
2025/02/27,化粧品・トイレタリー,繊維・生活,石川 美穂,関西,1558,12865000,2429241
2025/02/27,建設機械（油圧ショベル）,機械・プラント,松本 勇気,九州・沖縄,2,1445440000,331564229
2025/02/28,日用消費財,繊維・生活,井上 明子,アフリカ,7706,90020000,9074131
2025/03/03,産業機械（工作機械）,機械・プラント,山口 哲也,九州・沖縄,36,239142000,23920287
2025/03/05,豚肉（冷凍）,食料・農産物,高橋 恵,北米,1426,708892000,83902767
2025/03/07,LNG（液化天然ガス）,エネルギー,青木 健太,アジア（中国）,4,7033450000,159157684
2025/03/07,エチレン,化学品,木村 隆史,関東,227,260643000,30501855
2025/03/08,石炭（原料炭）,エネルギー,田中 誠一,中国・四国,13,5479354000,148481232
2025/03/09,石油製品（ナフサ）,エネルギー,橋本 洋平,欧州,20,4281683000,211766543
2025/03/10,鉄鋼製品（厚板）,金属・鉱物,加藤 祐樹,アジア（中国）,608,362713000,25910653
2025/03/11,LNG（液化天然ガス）,エネルギー,橋本 洋平,欧州,28,8217323000,190726055
2025/03/11,発電設備（変電設備）,機械・プラント,木村 隆史,東北,43,472142000,62918618
2025/03/15,塗料・コーティング剤,化学品,青木 健太,中部,857,339272000,39172208
2025/03/16,再生可能エネルギー設備,エネルギー,林 俊介,アジア（東南アジア）,16,1277805000,38766752
2025/03/16,家具・インテリア,繊維・生活,渡辺 敏夫,北米,5539,310998000,52330061
2025/03/16,建設機械（油圧ショベル）,機械・プラント,藤原 拓也,アジア（東南アジア）,46,2512386000,325038736
2025/03/18,発電設備（ガスタービン）,機械・プラント,青木 健太,アジア（中国）,46,3358944000,707134286
2025/03/22,亜鉛地金,金属・鉱物,青木 健太,アジア（中国）,7405,313789000,17895473
2025/03/23,建設機械（クレーン）,機械・プラント,山田 健一,アジア（東南アジア）,23,1202635000,306464640
2025/03/25,石油製品（重油）,エネルギー,田中 誠一,東北,23,7577285000,190477839
2025/03/27,水産物（エビ）,食料・農産物,高橋 恵,中南米,1517,41945000,2714601
2025/03/29,亜鉛地金,金属・鉱物,林 俊介,中部,5851,1154365000,41995029
2025/03/29,銅地金,金属・鉱物,加藤 祐樹,東北,3481,335190000,22173310
2025/03/29,砂糖（精製糖）,食料・農産物,木村 隆史,九州・沖縄,1733,589386000,57790035
