日付,商品名,担当者,地域,数量,売上金額,売上予定
2023/01/03,セキュリティソフト,加藤 由美,福岡,1,480000,60000
2023/01/04,サポートサービス,中村 彩,東京,2,160000,150000
2023/01/05,ネットワーク機器,中村 彩,東京,1,1500000,690000
2023/01/06,ERPシステム,鈴木 一郎,大阪,1,920000,410000
2023/01/07,クラウドストレージ,高橋 美咲,大阪,3,540000,710000
2023/01/08,ネットワーク機器,井上 さくら,東京,1,320000,320000
2023/01/09,サポートサービス,小林 剛,名古屋,3,330000,270000
2023/01/10,セキュリティソフト,加藤 由美,東京,1,310000,570000
2023/01/10,サポートサービス,木村 俊夫,東京,2,380000,240000
2023/01/11,サポートサービス,井上 さくら,大阪,1,120000,10000
2023/01/12,ネットワーク機器,松本 浩二,名古屋,1,600000,720000
2023/01/13,セキュリティソフト,田中 太郎,名古屋,3,360000,410000
2023/01/13,ネットワーク機器,山田 大輔,東京,3,1080000,1110000
2023/01/14,サポートサービス,鈴木 一郎,東京,3,270000,200000
2023/01/18,クラウドストレージ,松本 浩二,福岡,1,130000,50000
2023/01/18,セキュリティソフト,佐藤 花子,福岡,2,520000,540000
2023/01/18,ERPシステム,木村 俊夫,大阪,1,990000,520000
2023/01/19,BI分析ツール,高橋 美咲,名古屋,1,550000,470000
2023/01/20,ERPシステム,高橋 美咲,名古屋,1,1720000,1850000
2023/01/21,クラウドストレージ,松本 浩二,東京,1,290000,370000
2023/01/21,ERPシステム,高橋 美咲,福岡,3,1320000,1280000
2023/01/21,サポートサービス,小林 剛,札幌,3,240000,190000
2023/01/23,クラウドストレージ,渡辺 洋子,東京,4,720000,850000
2023/01/23,クラウドストレージ,松本 浩二,東京,1,110000,40000
2023/01/23,BI分析ツール,木村 俊夫,福岡,1,650000,70000
2023/01/25,サポートサービス,木村 俊夫,東京,1,190000,150000
2023/01/27,セキュリティソフト,山田 大輔,東京,3,420000,490000
2023/01/29,BI分析ツール,鈴木 一郎,東京,2,1460000,1080000
2023/01/30,セキュリティソフト,井上 さくら,東京,1,480000,360000
2023/02/01,ERPシステム,木村 俊夫,名古屋,1,530000,350000
2023/02/02,ERPシステム,鈴木 一郎,大阪,1,900000,1290000
2023/02/02,ネットワーク機器,木村 俊夫,東京,1,1000000,920000
2023/02/03,ネットワーク機器,高橋 美咲,東京,1,1000000,320000
2023/02/03,サポートサービス,鈴木 一郎,大阪,9,1080000,810000
2023/02/05,BI分析ツール,加藤 由美,名古屋,1,220000,150000
2023/02/07,クラウドストレージ,佐藤 花子,東京,1,190000,60000
2023/02/07,BI分析ツール,山口 恵子,東京,2,440000,370000
2023/02/07,BI分析ツール,加藤 由美,大阪,2,420000,390000
2023/02/08,サポートサービス,山口 恵子,東京,1,200000,60000
2023/02/10,クラウドストレージ,渡辺 洋子,東京,4,280000,240000
2023/02/10,BI分析ツール,田中 太郎,札幌,1,350000,420000
2023/02/12,クラウドストレージ,高橋 美咲,大阪,1,220000,270000
2023/02/12,セキュリティソフト,吉田 誠,名古屋,3,330000,330000
2023/02/12,サポートサービス,田中 太郎,名古屋,1,190000,170000
2023/02/12,サポートサービス,伊藤 健二,札幌,1,200000,210000
2023/02/13,クラウドストレージ,佐藤 花子,名古屋,3,150000,130000
2023/02/14,セキュリティソフト,佐藤 花子,東京,1,490000,640000
2023/02/14,セキュリティソフト,松本 浩二,福岡,2,580000,550000
2023/02/14,ネットワーク機器,吉田 誠,大阪,1,530000,160000
2023/02/15,クラウドストレージ,高橋 美咲,東京,8,480000,440000
2023/02/15,セキュリティソフト,高橋 美咲,東京,1,230000,120000
2023/02/16,BI分析ツール,井上 さくら,東京,2,500000,350000
2023/02/17,クラウドストレージ,井上 さくら,東京,4,240000,210000
2023/02/18,ERPシステム,高橋 美咲,福岡,1,1530000,620000
2023/02/20,ネットワーク機器,渡辺 洋子,札幌,1,1370000,1220000
2023/02/20,ネットワーク機器,田中 太郎,大阪,1,380000,330000
2023/02/21,クラウドストレージ,高橋 美咲,東京,1,210000,100000
2023/02/21,ERPシステム,鈴木 一郎,東京,2,900000,1200000
2023/02/22,クラウドストレージ,高橋 美咲,大阪,2,400000,270000
2023/02/23,クラウドストレージ,木村 俊夫,福岡,2,560000,360000
2023/02/27,ERPシステム,伊藤 健二,札幌,1,1290000,770000
2023/02/28,セキュリティソフト,鈴木 一郎,大阪,3,1080000,890000
2023/03/01,BI分析ツール,鈴木 一郎,大阪,1,480000,390000
2023/03/01,ネットワーク機器,渡辺 洋子,大阪,1,700000,860000
2023/03/02,クラウドストレージ,田中 太郎,東京,2,260000,190000
2023/03/03,クラウドストレージ,鈴木 一郎,大阪,2,580000,600000
2023/03/04,ERPシステム,井上 さくら,大阪,3,1170000,1160000
2023/03/04,BI分析ツール,田中 太郎,東京,2,960000,970000
2023/03/06,ERPシステム,井上 さくら,福岡,1,810000,980000
2023/03/06,サポートサービス,小林 剛,福岡,1,150000,130000
2023/03/10,セキュリティソフト,木村 俊夫,東京,10,1000000,810000
2023/03/10,サポートサービス,伊藤 健二,東京,4,480000,470000
2023/03/12,セキュリティソフト,吉田 誠,東京,3,690000,490000
2023/03/13,ERPシステム,伊藤 健二,福岡,1,1190000,510000
2023/03/14,クラウドストレージ,鈴木 一郎,名古屋,2,260000,250000
2023/03/14,ネットワーク機器,加藤 由美,東京,1,1040000,720000
2023/03/17,ネットワーク機器,山口 恵子,福岡,1,510000,540000
2023/03/19,サポートサービス,中村 彩,大阪,2,260000,270000
2023/03/20,サポートサービス,小林 剛,大阪,6,540000,530000
2023/03/21,クラウドストレージ,山口 恵子,大阪,2,440000,460000
2023/03/23,ERPシステム,高橋 美咲,東京,1,880000,840000
2023/03/23,ネットワーク機器,伊藤 健二,名古屋,1,1490000,820000
2023/03/26,セキュリティソフト,木村 俊夫,福岡,2,860000,750000
2023/03/26,ERPシステム,山田 大輔,東京,1,790000,920000
2023/03/28,クラウドストレージ,佐藤 花子,東京,20,1000000,850000
2023/03/28,セキュリティソフト,山口 恵子,東京,1,470000,520000
2023/03/28,ERPシステム,松本 浩二,東京,1,470000,310000
2023/03/29,セキュリティソフト,井上 さくら,東京,1,230000,130000
2023/03/30,セキュリティソフト,木村 俊夫,大阪,1,190000,110000
2023/03/30,ネットワーク機器,山田 大輔,名古屋,1,1030000,360000
2023/03/31,BI分析ツール,渡辺 洋子,名古屋,1,700000,530000
2023/04/03,クラウドストレージ,高橋 美咲,名古屋,1,230000,240000
2023/04/03,サポートサービス,山口 恵子,大阪,6,180000,240000
2023/04/04,セキュリティソフト,吉田 誠,大阪,3,1110000,1450000
2023/04/05,セキュリティソフト,加藤 由美,東京,2,860000,780000
2023/04/08,ERPシステム,中村 彩,東京,1,1000000,1230000
2023/04/08,ネットワーク機器,田中 太郎,東京,1,1440000,910000
2023/04/08,ネットワーク機器,山口 恵子,東京,1,1230000,400000
2023/04/09,ネットワーク機器,木村 俊夫,東京,1,1390000,720000
2023/04/09,サポートサービス,高橋 美咲,名古屋,1,140000,20000
2023/04/14,クラウドストレージ,中村 彩,東京,1,170000,30000
2023/04/14,ネットワーク機器,木村 俊夫,東京,2,520000,520000
2023/04/14,サポートサービス,松本 浩二,東京,4,160000,190000
2023/04/15,クラウドストレージ,吉田 誠,名古屋,3,270000,300000
2023/04/15,セキュリティソフト,加藤 由美,福岡,1,360000,70000
2023/04/16,ERPシステム,高橋 美咲,東京,1,1030000,1020000
2023/04/16,ネットワーク機器,佐藤 花子,大阪,3,780000,580000
2023/04/16,サポートサービス,高橋 美咲,福岡,1,100000,110000
2023/04/17,ERPシステム,木村 俊夫,大阪,1,1110000,650000
2023/04/19,BI分析ツール,井上 さくら,福岡,1,170000,80000
2023/04/21,クラウドストレージ,井上 さくら,名古屋,2,580000,590000
2023/04/21,ERPシステム,鈴木 一郎,東京,1,650000,350000
2023/04/23,BI分析ツール,中村 彩,東京,2,1260000,1160000
2023/04/25,ERPシステム,山口 恵子,東京,1,690000,340000
2023/04/25,ERPシステム,山田 大輔,東京,1,1360000,880000
2023/04/25,BI分析ツール,伊藤 健二,名古屋,1,600000,540000
2023/04/25,サポートサービス,高橋 美咲,東京,2,140000,170000
2023/04/27,サポートサービス,加藤 由美,札幌,5,300000,390000
2023/04/27,サポートサービス,山口 恵子,東京,1,170000,190000
2023/04/28,セキュリティソフト,山田 大輔,福岡,1,400000,370000
2023/04/29,クラウドストレージ,松本 浩二,大阪,12,960000,1060000
2023/05/04,クラウドストレージ,松本 浩二,東京,2,460000,550000
2023/05/04,ネットワーク機器,伊藤 健二,東京,1,650000,630000
2023/05/05,サポートサービス,高橋 美咲,東京,7,350000,420000
2023/05/05,サポートサービス,加藤 由美,大阪,1,160000,50000
2023/05/07,ネットワーク機器,伊藤 健二,東京,1,520000,150000
2023/05/08,ネットワーク機器,小林 剛,東京,1,330000,170000
2023/05/09,ERPシステム,田中 太郎,大阪,1,1720000,1640000
2023/05/10,ネットワーク機器,吉田 誠,福岡,1,520000,400000
2023/05/10,ネットワーク機器,佐藤 花子,福岡,1,1450000,600000
2023/05/10,サポートサービス,松本 浩二,大阪,1,100000,30000
2023/05/12,BI分析ツール,山口 恵子,大阪,1,690000,220000
2023/05/12,ネットワーク機器,中村 彩,大阪,1,920000,810000
2023/05/15,セキュリティソフト,井上 さくら,名古屋,1,350000,190000
2023/05/16,セキュリティソフト,渡辺 洋子,福岡,1,250000,220000
2023/05/16,BI分析ツール,山口 恵子,大阪,1,600000,700000
2023/05/17,BI分析ツール,伊藤 健二,東京,1,540000,310000
2023/05/18,セキュリティソフト,伊藤 健二,福岡,5,650000,680000
2023/05/18,BI分析ツール,渡辺 洋子,東京,1,390000,590000
2023/05/19,サポートサービス,木村 俊夫,大阪,1,170000,240000
2023/05/20,クラウドストレージ,山田 大輔,名古屋,1,220000,50000
2023/05/20,ERPシステム,佐藤 花子,東京,1,780000,350000
2023/05/22,クラウドストレージ,小林 剛,大阪,7,490000,530000
2023/05/23,ERPシステム,中村 彩,大阪,1,1340000,400000
2023/05/25,セキュリティソフト,松本 浩二,大阪,4,920000,840000
2023/05/26,クラウドストレージ,井上 さくら,大阪,9,450000,480000
2023/05/26,クラウドストレージ,佐藤 花子,大阪,1,200000,70000
2023/05/26,サポートサービス,伊藤 健二,大阪,2,320000,280000
2023/05/27,ネットワーク機器,鈴木 一郎,札幌,1,1070000,430000
2023/05/28,クラウドストレージ,吉田 誠,福岡,4,640000,590000
2023/05/29,ERPシステム,山口 恵子,大阪,1,910000,1540000
2023/05/29,ERPシステム,中村 彩,名古屋,1,1550000,650000
2023/05/30,セキュリティソフト,吉田 誠,東京,2,940000,800000
2023/05/31,サポートサービス,加藤 由美,札幌,8,320000,330000
2023/06/01,ネットワーク機器,山口 恵子,東京,1,810000,250000
2023/06/03,クラウドストレージ,高橋 美咲,札幌,2,520000,520000
2023/06/03,セキュリティソフト,田中 太郎,福岡,1,460000,70000
2023/06/05,サポートサービス,高橋 美咲,札幌,3,450000,480000
2023/06/06,ERPシステム,伊藤 健二,名古屋,1,1560000,300000
2023/06/08,サポートサービス,山口 恵子,福岡,1,190000,150000
2023/06/09,セキュリティソフト,加藤 由美,東京,1,280000,160000
2023/06/10,クラウドストレージ,松本 浩二,大阪,2,600000,890000
2023/06/11,ERPシステム,井上 さくら,名古屋,1,1320000,1180000
2023/06/13,セキュリティソフト,高橋 美咲,札幌,3,390000,300000
2023/06/14,ERPシステム,中村 彩,東京,3,1170000,1130000
2023/06/15,クラウドストレージ,松本 浩二,札幌,2,520000,600000
2023/06/15,セキュリティソフト,加藤 由美,札幌,2,880000,740000
2023/06/15,BI分析ツール,田中 太郎,東京,2,1340000,1000000
2023/06/15,サポートサービス,伊藤 健二,名古屋,6,300000,360000
2023/06/16,セキュリティソフト,加藤 由美,東京,3,750000,560000
2023/06/16,サポートサービス,渡辺 洋子,札幌,1,160000,210000
2023/06/17,セキュリティソフト,中村 彩,大阪,2,380000,280000
2023/06/18,セキュリティソフト,木村 俊夫,東京,1,360000,120000
2023/06/18,BI分析ツール,加藤 由美,名古屋,2,1220000,950000
2023/06/18,サポートサービス,伊藤 健二,福岡,1,190000,250000
2023/06/20,ネットワーク機器,小林 剛,大阪,2,460000,550000
2023/06/21,ネットワーク機器,井上 さくら,福岡,2,1540000,1690000
2023/06/23,クラウドストレージ,佐藤 花子,大阪,1,180000,40000
2023/06/23,セキュリティソフト,山田 大輔,大阪,2,900000,680000
2023/06/26,ネットワーク機器,佐藤 花子,大阪,1,1380000,930000
2023/06/28,クラウドストレージ,鈴木 一郎,福岡,1,250000,370000
2023/06/28,ERPシステム,渡辺 洋子,東京,2,1880000,2270000
2023/06/28,BI分析ツール,松本 浩二,東京,1,710000,10000
2023/07/02,セキュリティソフト,渡辺 洋子,福岡,1,450000,630000
2023/07/04,ネットワーク機器,山口 恵子,東京,1,950000,50000
2023/07/05,セキュリティソフト,佐藤 花子,大阪,2,720000,790000
2023/07/06,BI分析ツール,佐藤 花子,大阪,1,370000,30000
2023/07/06,BI分析ツール,加藤 由美,名古屋,1,630000,420000
2023/07/08,クラウドストレージ,井上 さくら,名古屋,6,720000,790000
2023/07/08,ネットワーク機器,伊藤 健二,東京,1,1210000,660000
2023/07/10,サポートサービス,高橋 美咲,東京,1,80000,40000
2023/07/11,サポートサービス,木村 俊夫,札幌,4,800000,820000
2023/07/12,ネットワーク機器,木村 俊夫,大阪,2,640000,690000
2023/07/13,クラウドストレージ,渡辺 洋子,名古屋,12,720000,740000
2023/07/13,ERPシステム,吉田 誠,名古屋,1,1110000,560000
2023/07/13,ネットワーク機器,井上 さくら,福岡,1,1470000,210000
2023/07/13,ネットワーク機器,松本 浩二,名古屋,1,930000,670000
2023/07/14,BI分析ツール,木村 俊夫,大阪,1,780000,70000
2023/07/14,サポートサービス,小林 剛,福岡,1,190000,30000
2023/07/16,ネットワーク機器,高橋 美咲,大阪,1,1100000,480000
2023/07/17,セキュリティソフト,田中 太郎,名古屋,2,740000,940000
2023/07/18,ERPシステム,井上 さくら,大阪,1,1540000,1150000
2023/07/19,クラウドストレージ,木村 俊夫,福岡,3,810000,830000
2023/07/19,BI分析ツール,中村 彩,大阪,1,440000,470000
2023/07/19,ネットワーク機器,吉田 誠,名古屋,1,840000,320000
2023/07/22,ERPシステム,佐藤 花子,東京,1,1880000,400000
2023/07/22,BI分析ツール,伊藤 健二,名古屋,1,730000,560000
2023/07/24,サポートサービス,伊藤 健二,福岡,5,400000,380000
2023/07/26,BI分析ツール,木村 俊夫,東京,1,740000,320000
2023/07/28,ERPシステム,高橋 美咲,名古屋,1,1030000,820000
2023/07/28,ERPシステム,佐藤 花子,名古屋,1,1410000,770000
2023/07/28,ネットワーク機器,吉田 誠,東京,1,550000,210000
2023/07/30,サポートサービス,松本 浩二,東京,1,180000,130000
2023/07/31,セキュリティソフト,井上 さくら,名古屋,1,340000,470000
2023/07/31,ERPシステム,中村 彩,東京,2,1100000,1010000
2023/08/01,クラウドストレージ,木村 俊夫,大阪,2,300000,240000
2023/08/01,BI分析ツール,松本 浩二,名古屋,1,600000,250000
2023/08/01,BI分析ツール,田中 太郎,東京,1,560000,110000
2023/08/01,ネットワーク機器,中村 彩,福岡,1,350000,60000
2023/08/03,ERPシステム,田中 太郎,東京,1,1820000,80000
2023/08/04,セキュリティソフト,加藤 由美,大阪,2,780000,730000
2023/08/04,BI分析ツール,鈴木 一郎,名古屋,2,420000,420000
2023/08/04,サポートサービス,井上 さくら,名古屋,4,240000,260000
2023/08/05,BI分析ツール,山口 恵子,東京,2,580000,420000
2023/08/07,ERPシステム,高橋 美咲,札幌,1,1150000,400000
2023/08/08,クラウドストレージ,佐藤 花子,大阪,1,250000,350000
2023/08/14,セキュリティソフト,田中 太郎,名古屋,2,500000,530000
2023/08/14,サポートサービス,山口 恵子,福岡,1,200000,240000
2023/08/15,ネットワーク機器,吉田 誠,東京,1,1290000,1110000
2023/08/16,クラウドストレージ,木村 俊夫,名古屋,2,380000,350000
2023/08/17,サポートサービス,中村 彩,福岡,2,320000,300000
2023/08/18,クラウドストレージ,山田 大輔,東京,1,250000,300000
2023/08/20,クラウドストレージ,田中 太郎,東京,8,480000,430000
2023/08/20,サポートサービス,渡辺 洋子,福岡,1,160000,160000
2023/08/21,セキュリティソフト,中村 彩,大阪,2,420000,410000
2023/08/21,ERPシステム,高橋 美咲,東京,1,1740000,1410000
2023/08/21,ERPシステム,高橋 美咲,大阪,1,1710000,1380000
2023/08/21,ネットワーク機器,佐藤 花子,福岡,1,1330000,1230000
2023/08/22,ERPシステム,渡辺 洋子,名古屋,1,890000,1200000
2023/08/22,BI分析ツール,松本 浩二,東京,1,720000,230000
2023/08/23,サポートサービス,山田 大輔,名古屋,1,150000,250000
2023/08/26,サポートサービス,山田 大輔,東京,1,130000,120000
2023/08/27,セキュリティソフト,井上 さくら,東京,2,460000,450000
2023/08/28,BI分析ツール,中村 彩,大阪,1,280000,340000
2023/08/29,クラウドストレージ,佐藤 花子,東京,3,600000,490000
2023/08/29,セキュリティソフト,小林 剛,福岡,2,620000,560000
2023/08/31,クラウドストレージ,鈴木 一郎,東京,1,220000,50000
2023/08/31,ネットワーク機器,加藤 由美,東京,1,1020000,740000
2023/09/01,セキュリティソフト,山田 大輔,東京,1,500000,460000
2023/09/02,クラウドストレージ,高橋 美咲,東京,2,420000,360000
2023/09/03,ERPシステム,加藤 由美,大阪,1,1540000,1280000
2023/09/04,クラウドストレージ,高橋 美咲,福岡,2,400000,340000
2023/09/05,セキュリティソフト,田中 太郎,東京,1,480000,310000
2023/09/05,BI分析ツール,田中 太郎,大阪,1,300000,540000
2023/09/06,セキュリティソフト,高橋 美咲,東京,4,1640000,1230000
2023/09/06,サポートサービス,小林 剛,大阪,5,250000,290000
2023/09/08,サポートサービス,小林 剛,東京,1,190000,70000
2023/09/09,ERPシステム,高橋 美咲,名古屋,2,1980000,1900000
2023/09/09,BI分析ツール,鈴木 一郎,東京,1,700000,830000
2023/09/10,クラウドストレージ,井上 さくら,大阪,1,160000,200000
2023/09/10,クラウドストレージ,松本 浩二,東京,1,80000,70000
2023/09/10,BI分析ツール,小林 剛,大阪,1,440000,10000
2023/09/11,BI分析ツール,佐藤 花子,東京,1,600000,410000
2023/09/11,サポートサービス,渡辺 洋子,名古屋,2,280000,290000
2023/09/11,サポートサービス,高橋 美咲,東京,4,280000,270000
2023/09/12,クラウドストレージ,松本 浩二,大阪,2,240000,210000
2023/09/14,ERPシステム,渡辺 洋子,大阪,1,590000,330000
2023/09/14,ネットワーク機器,佐藤 花子,大阪,2,1880000,1570000
2023/09/15,ERPシステム,吉田 誠,名古屋,2,2040000,1620000
2023/09/19,クラウドストレージ,松本 浩二,福岡,2,440000,410000
2023/09/19,セキュリティソフト,渡辺 洋子,東京,2,740000,540000
2023/09/20,クラウドストレージ,吉田 誠,大阪,2,480000,460000
2023/09/21,ネットワーク機器,鈴木 一郎,福岡,1,1030000,1050000
2023/09/22,ERPシステム,小林 剛,名古屋,1,1540000,100000
2023/09/23,ネットワーク機器,井上 さくら,名古屋,1,1370000,1040000
2023/09/24,クラウドストレージ,加藤 由美,札幌,11,550000,530000
2023/09/24,サポートサービス,高橋 美咲,東京,1,110000,50000
2023/09/25,BI分析ツール,山田 大輔,東京,1,200000,290000
2023/09/25,サポートサービス,松本 浩二,名古屋,8,560000,580000
2023/09/28,セキュリティソフト,山口 恵子,東京,3,810000,590000
2023/10/01,ネットワーク機器,松本 浩二,大阪,1,1070000,880000
2023/10/03,クラウドストレージ,吉田 誠,東京,4,760000,550000
2023/10/03,セキュリティソフト,山田 大輔,大阪,1,400000,100000
2023/10/03,BI分析ツール,伊藤 健二,東京,1,640000,250000
2023/10/04,BI分析ツール,渡辺 洋子,東京,2,680000,630000
2023/10/06,ネットワーク機器,鈴木 一郎,東京,1,770000,920000
2023/10/07,ネットワーク機器,井上 さくら,名古屋,1,950000,850000
2023/10/08,サポートサービス,高橋 美咲,大阪,2,340000,330000
2023/10/10,ネットワーク機器,松本 浩二,大阪,1,1490000,80000
2023/10/10,サポートサービス,松本 浩二,名古屋,2,240000,310000
2023/10/11,BI分析ツール,木村 俊夫,東京,1,330000,260000
2023/10/11,BI分析ツール,鈴木 一郎,大阪,1,650000,530000
2023/10/12,ネットワーク機器,吉田 誠,東京,2,580000,620000
2023/10/15,クラウドストレージ,加藤 由美,東京,16,2080000,1650000
2023/10/15,サポートサービス,渡辺 洋子,名古屋,3,270000,320000
2023/10/16,クラウドストレージ,佐藤 花子,東京,3,630000,530000
2023/10/20,セキュリティソフト,松本 浩二,名古屋,3,1290000,1500000
2023/10/20,セキュリティソフト,中村 彩,福岡,1,100000,130000
2023/10/20,サポートサービス,中村 彩,名古屋,1,170000,60000
2023/10/21,BI分析ツール,伊藤 健二,大阪,2,500000,470000
2023/10/21,BI分析ツール,井上 さくら,東京,1,570000,30000
2023/10/24,サポートサービス,小林 剛,大阪,1,150000,170000
2023/10/25,サポートサービス,井上 さくら,東京,2,160000,160000
2023/10/26,ERPシステム,山口 恵子,東京,1,1170000,1440000
2023/10/26,サポートサービス,井上 さくら,東京,3,210000,270000
2023/10/27,ERPシステム,鈴木 一郎,東京,2,3900000,2750000
2023/10/28,セキュリティソフト,吉田 誠,東京,4,1760000,1550000
2023/10/29,ERPシステム,中村 彩,大阪,1,1420000,1290000
2023/10/31,ネットワーク機器,加藤 由美,東京,1,530000,470000
2023/11/01,ERPシステム,渡辺 洋子,東京,2,940000,820000
2023/11/02,BI分析ツール,井上 さくら,大阪,1,650000,100000
2023/11/02,サポートサービス,渡辺 洋子,大阪,2,300000,230000
2023/11/03,セキュリティソフト,田中 太郎,大阪,2,840000,1010000
2023/11/03,ネットワーク機器,加藤 由美,札幌,1,1300000,1150000
2023/11/03,ネットワーク機器,小林 剛,東京,1,660000,400000
2023/11/03,サポートサービス,田中 太郎,東京,10,800000,650000
2023/11/04,クラウドストレージ,鈴木 一郎,東京,4,1200000,950000
2023/11/04,セキュリティソフト,高橋 美咲,名古屋,1,440000,310000
2023/11/09,ERPシステム,吉田 誠,東京,1,1980000,1600000
2023/11/09,ネットワーク機器,佐藤 花子,東京,1,460000,220000
2023/11/10,BI分析ツール,田中 太郎,名古屋,1,470000,580000
2023/11/11,クラウドストレージ,木村 俊夫,福岡,4,560000,420000
2023/11/11,クラウドストレージ,井上 さくら,東京,2,540000,400000
2023/11/11,BI分析ツール,伊藤 健二,東京,2,780000,760000
2023/11/12,ERPシステム,山口 恵子,名古屋,1,1780000,890000
2023/11/12,ERPシステム,田中 太郎,東京,1,640000,630000
2023/11/14,ネットワーク機器,伊藤 健二,大阪,1,950000,830000
2023/11/16,セキュリティソフト,山田 大輔,東京,1,260000,150000
2023/11/17,BI分析ツール,井上 さくら,名古屋,1,210000,30000
2023/11/20,セキュリティソフト,高橋 美咲,大阪,1,300000,310000
2023/11/21,クラウドストレージ,中村 彩,大阪,2,540000,380000
2023/11/21,サポートサービス,田中 太郎,東京,1,170000,180000
2023/11/22,サポートサービス,松本 浩二,大阪,8,800000,640000
2023/11/23,クラウドストレージ,木村 俊夫,東京,10,500000,390000
2023/11/24,ERPシステム,井上 さくら,大阪,1,1160000,760000
2023/11/24,ネットワーク機器,鈴木 一郎,名古屋,1,1290000,440000
2023/11/26,ERPシステム,山口 恵子,大阪,1,1480000,1030000
2023/11/26,ネットワーク機器,中村 彩,東京,1,1090000,950000
2023/11/27,クラウドストレージ,高橋 美咲,福岡,1,130000,80000
2023/11/27,セキュリティソフト,吉田 誠,名古屋,4,760000,830000
2023/11/29,セキュリティソフト,渡辺 洋子,東京,2,820000,810000
2023/11/29,BI分析ツール,佐藤 花子,名古屋,1,490000,160000
2023/11/30,クラウドストレージ,山口 恵子,大阪,1,220000,220000
2023/11/30,BI分析ツール,木村 俊夫,大阪,1,700000,640000
2023/12/03,ERPシステム,渡辺 洋子,大阪,1,620000,300000
2023/12/03,BI分析ツール,鈴木 一郎,大阪,1,500000,120000
2023/12/04,クラウドストレージ,伊藤 健二,名古屋,3,870000,900000
2023/12/06,セキュリティソフト,鈴木 一郎,名古屋,2,960000,930000
2023/12/07,BI分析ツール,小林 剛,大阪,1,260000,230000
2023/12/08,ネットワーク機器,伊藤 健二,大阪,1,1230000,360000
2023/12/09,クラウドストレージ,加藤 由美,東京,3,330000,340000
2023/12/09,BI分析ツール,鈴木 一郎,名古屋,1,340000,520000
2023/12/10,セキュリティソフト,高橋 美咲,東京,3,1200000,950000
2023/12/10,セキュリティソフト,松本 浩二,東京,4,800000,640000
2023/12/10,ネットワーク機器,鈴木 一郎,大阪,1,350000,290000
2023/12/10,サポートサービス,高橋 美咲,札幌,5,800000,800000
2023/12/13,クラウドストレージ,高橋 美咲,東京,1,200000,150000
2023/12/13,サポートサービス,井上 さくら,東京,5,400000,460000
2023/12/14,ERPシステム,中村 彩,名古屋,2,2900000,2060000
2023/12/14,ERPシステム,鈴木 一郎,福岡,1,1180000,150000
2023/12/16,ネットワーク機器,中村 彩,東京,1,1430000,790000
2023/12/18,クラウドストレージ,中村 彩,東京,14,980000,1020000
2023/12/19,ERPシステム,吉田 誠,大阪,1,1710000,930000
2023/12/21,BI分析ツール,井上 さくら,札幌,1,580000,250000
2023/12/21,ネットワーク機器,渡辺 洋子,福岡,2,1120000,860000
2023/12/25,ERPシステム,山田 大輔,大阪,3,1890000,1670000
2023/12/26,ネットワーク機器,山口 恵子,札幌,1,1010000,40000
2023/12/26,ネットワーク機器,山田 大輔,東京,1,1080000,1240000
2023/12/27,ERPシステム,井上 さくら,東京,3,1320000,1110000
2023/12/28,セキュリティソフト,田中 太郎,東京,2,780000,680000
2023/12/28,BI分析ツール,井上 さくら,福岡,3,600000,690000
2023/12/28,サポートサービス,高橋 美咲,名古屋,3,390000,420000
2023/12/29,セキュリティソフト,渡辺 洋子,大阪,1,440000,530000
2023/12/30,クラウドストレージ,中村 彩,札幌,2,540000,690000
2023/12/31,BI分析ツール,田中 太郎,札幌,2,500000,660000
2023/12/31,ネットワーク機器,小林 剛,大阪,1,1140000,760000
2023/12/31,サポートサービス,小林 剛,大阪,1,180000,160000
2024/01/02,クラウドストレージ,小林 剛,東京,4,920000,800000
2024/01/02,クラウドストレージ,伊藤 健二,東京,3,660000,640000
2024/01/04,ERPシステム,田中 太郎,大阪,1,1910000,1120000
2024/01/05,BI分析ツール,井上 さくら,福岡,1,750000,200000
2024/01/07,BI分析ツール,山口 恵子,東京,2,440000,440000
2024/01/07,ネットワーク機器,中村 彩,東京,1,1010000,250000
2024/01/07,サポートサービス,伊藤 健二,札幌,2,400000,430000
2024/01/07,サポートサービス,鈴木 一郎,東京,6,660000,550000
2024/01/10,ERPシステム,吉田 誠,名古屋,1,970000,1290000
2024/01/11,セキュリティソフト,加藤 由美,福岡,3,510000,380000
2024/01/12,クラウドストレージ,中村 彩,名古屋,1,210000,270000
2024/01/12,クラウドストレージ,井上 さくら,札幌,1,130000,10000
2024/01/13,クラウドストレージ,加藤 由美,東京,1,260000,100000
2024/01/13,クラウドストレージ,山田 大輔,東京,2,160000,120000
2024/01/14,ERPシステム,加藤 由美,東京,1,1780000,1080000
2024/01/14,BI分析ツール,小林 剛,東京,1,410000,130000
2024/01/14,BI分析ツール,小林 剛,東京,1,760000,310000
2024/01/14,BI分析ツール,中村 彩,福岡,1,370000,380000
2024/01/15,セキュリティソフト,渡辺 洋子,札幌,7,1120000,980000
2024/01/16,セキュリティソフト,鈴木 一郎,東京,4,1120000,970000
2024/01/16,ネットワーク機器,伊藤 健二,東京,1,900000,260000
2024/01/16,サポートサービス,高橋 美咲,東京,4,400000,310000
2024/01/17,セキュリティソフト,山口 恵子,福岡,1,470000,80000
2024/01/17,BI分析ツール,小林 剛,東京,1,580000,100000
2024/01/19,ERPシステム,加藤 由美,大阪,1,430000,30000
2024/01/23,BI分析ツール,加藤 由美,大阪,1,480000,240000
2024/01/23,ネットワーク機器,木村 俊夫,札幌,1,1170000,840000
2024/01/23,ネットワーク機器,松本 浩二,福岡,1,1080000,880000
2024/01/23,ネットワーク機器,田中 太郎,東京,1,940000,690000
2024/01/25,クラウドストレージ,小林 剛,札幌,2,300000,250000
2024/01/26,セキュリティソフト,渡辺 洋子,大阪,1,450000,260000
2024/01/26,ERPシステム,吉田 誠,名古屋,1,1640000,750000
2024/02/01,セキュリティソフト,吉田 誠,名古屋,1,440000,100000
2024/02/02,クラウドストレージ,木村 俊夫,福岡,1,100000,120000
2024/02/05,ネットワーク機器,小林 剛,大阪,3,1020000,790000
2024/02/05,サポートサービス,渡辺 洋子,札幌,1,160000,230000
2024/02/06,クラウドストレージ,松本 浩二,大阪,4,680000,590000
2024/02/06,セキュリティソフト,加藤 由美,福岡,3,570000,410000
2024/02/06,サポートサービス,中村 彩,福岡,1,150000,180000
2024/02/09,ERPシステム,田中 太郎,名古屋,1,900000,670000
2024/02/10,セキュリティソフト,井上 さくら,大阪,1,330000,220000
2024/02/11,セキュリティソフト,佐藤 花子,大阪,3,840000,660000
2024/02/12,ERPシステム,伊藤 健二,東京,1,1490000,830000
2024/02/14,クラウドストレージ,井上 さくら,札幌,1,280000,190000
2024/02/14,BI分析ツール,松本 浩二,東京,1,420000,200000
2024/02/14,ネットワーク機器,山口 恵子,東京,2,1960000,1450000
2024/02/15,ネットワーク機器,井上 さくら,東京,1,850000,720000
2024/02/16,BI分析ツール,小林 剛,大阪,2,500000,420000
2024/02/17,ネットワーク機器,加藤 由美,東京,1,750000,90000
2024/02/18,クラウドストレージ,田中 太郎,東京,7,420000,390000
2024/02/18,BI分析ツール,佐藤 花子,福岡,1,610000,150000
2024/02/18,BI分析ツール,田中 太郎,福岡,1,290000,90000
2024/02/21,ERPシステム,木村 俊夫,福岡,1,1580000,1480000
2024/02/21,サポートサービス,山田 大輔,東京,1,150000,20000
2024/02/21,サポートサービス,鈴木 一郎,名古屋,2,400000,300000
2024/02/23,セキュリティソフト,鈴木 一郎,札幌,2,280000,260000
2024/02/23,ERPシステム,山口 恵子,東京,1,1090000,1450000
2024/02/23,BI分析ツール,高橋 美咲,大阪,1,790000,100000
2024/02/24,クラウドストレージ,佐藤 花子,札幌,2,480000,560000
2024/02/24,クラウドストレージ,伊藤 健二,大阪,1,150000,50000
2024/02/24,セキュリティソフト,渡辺 洋子,札幌,2,760000,590000
2024/02/24,サポートサービス,佐藤 花子,東京,2,280000,330000
2024/02/25,BI分析ツール,鈴木 一郎,東京,2,680000,510000
2024/02/25,サポートサービス,山田 大輔,大阪,1,200000,160000
2024/02/25,サポートサービス,井上 さくら,東京,1,100000,90000
2024/02/26,セキュリティソフト,伊藤 健二,東京,8,640000,520000
2024/02/26,BI分析ツール,佐藤 花子,名古屋,1,710000,410000
2024/02/28,クラウドストレージ,小林 剛,大阪,1,250000,350000
2024/03/02,クラウドストレージ,吉田 誠,大阪,1,300000,320000
2024/03/02,BI分析ツール,山田 大輔,東京,1,320000,460000
2024/03/04,クラウドストレージ,木村 俊夫,福岡,1,290000,390000
2024/03/05,サポートサービス,伊藤 健二,大阪,10,300000,230000
2024/03/06,ERPシステム,中村 彩,東京,1,1720000,630000
2024/03/07,セキュリティソフト,鈴木 一郎,大阪,1,110000,40000
2024/03/08,セキュリティソフト,高橋 美咲,福岡,3,780000,880000
2024/03/08,ネットワーク機器,山田 大輔,福岡,1,720000,440000
2024/03/08,サポートサービス,伊藤 健二,東京,3,480000,420000
2024/03/13,セキュリティソフト,渡辺 洋子,大阪,2,880000,1030000
2024/03/14,ERPシステム,吉田 誠,名古屋,1,1180000,1280000
2024/03/14,BI分析ツール,渡辺 洋子,大阪,1,410000,200000
2024/03/14,BI分析ツール,井上 さくら,東京,1,720000,190000
2024/03/15,セキュリティソフト,高橋 美咲,東京,1,280000,70000
2024/03/16,ネットワーク機器,松本 浩二,東京,2,2040000,1310000
2024/03/18,セキュリティソフト,吉田 誠,大阪,5,850000,1090000
2024/03/18,BI分析ツール,田中 太郎,東京,2,780000,730000
2024/03/18,BI分析ツール,井上 さくら,東京,1,200000,120000
2024/03/19,サポートサービス,高橋 美咲,東京,5,650000,450000
2024/03/21,ERPシステム,渡辺 洋子,名古屋,1,1640000,1360000
2024/03/22,ERPシステム,鈴木 一郎,東京,1,1340000,1690000
2024/03/24,ネットワーク機器,小林 剛,大阪,1,1390000,300000
2024/03/24,サポートサービス,中村 彩,大阪,2,200000,180000
2024/03/25,クラウドストレージ,高橋 美咲,東京,37,1850000,1830000
2024/03/25,ネットワーク機器,伊藤 健二,東京,1,980000,270000
2024/03/28,サポートサービス,伊藤 健二,名古屋,2,260000,200000
2024/03/30,ネットワーク機器,中村 彩,東京,1,1470000,1070000
2024/03/31,BI分析ツール,中村 彩,東京,1,420000,390000
2024/04/01,クラウドストレージ,高橋 美咲,東京,5,1250000,1140000
2024/04/01,セキュリティソフト,佐藤 花子,福岡,4,760000,670000
2024/04/01,サポートサービス,佐藤 花子,東京,2,220000,160000
2024/04/02,ネットワーク機器,渡辺 洋子,大阪,2,780000,780000
2024/04/03,BI分析ツール,鈴木 一郎,札幌,3,570000,510000
2024/04/03,サポートサービス,山田 大輔,大阪,4,320000,320000
2024/04/04,ネットワーク機器,松本 浩二,東京,1,1210000,140000
2024/04/04,サポートサービス,小林 剛,大阪,1,200000,120000
2024/04/05,クラウドストレージ,田中 太郎,東京,1,90000,100000
2024/04/08,ネットワーク機器,松本 浩二,札幌,1,890000,1030000
2024/04/09,BI分析ツール,田中 太郎,札幌,1,550000,120000
2024/04/10,セキュリティソフト,鈴木 一郎,東京,1,410000,10000
2024/04/10,サポートサービス,佐藤 花子,東京,4,120000,100000
2024/04/11,サポートサービス,加藤 由美,大阪,1,50000,30000
2024/04/12,ネットワーク機器,高橋 美咲,東京,1,1450000,750000
2024/04/12,サポートサービス,井上 さくら,東京,1,130000,110000
2024/04/12,サポートサービス,山田 大輔,東京,1,120000,160000
2024/04/13,ERPシステム,吉田 誠,東京,4,1760000,1300000
2024/04/13,ERPシステム,佐藤 花子,大阪,3,2190000,1710000
2024/04/13,サポートサービス,山口 恵子,福岡,7,350000,330000
2024/04/14,クラウドストレージ,渡辺 洋子,東京,6,1140000,1110000
2024/04/14,セキュリティソフト,小林 剛,東京,1,470000,540000
2024/04/14,ネットワーク機器,山田 大輔,東京,1,1160000,520000
2024/04/15,サポートサービス,加藤 由美,大阪,1,100000,60000
2024/04/16,ERPシステム,吉田 誠,名古屋,1,1410000,1510000
2024/04/17,セキュリティソフト,伊藤 健二,名古屋,2,600000,420000
2024/04/18,ERPシステム,井上 さくら,札幌,1,1740000,180000
2024/04/22,セキュリティソフト,渡辺 洋子,札幌,1,130000,10000
2024/04/22,BI分析ツール,松本 浩二,福岡,2,660000,500000
2024/04/23,セキュリティソフト,加藤 由美,東京,2,740000,740000
2024/04/27,クラウドストレージ,吉田 誠,札幌,1,250000,60000
2024/04/27,セキュリティソフト,伊藤 健二,名古屋,3,660000,540000
2024/04/29,BI分析ツール,木村 俊夫,東京,1,650000,380000
2024/04/30,BI分析ツール,加藤 由美,東京,1,350000,310000
2024/04/30,BI分析ツール,吉田 誠,福岡,1,640000,150000
2024/05/01,クラウドストレージ,山田 大輔,福岡,1,240000,340000
2024/05/02,ERPシステム,吉田 誠,福岡,1,1820000,620000
2024/05/03,BI分析ツール,渡辺 洋子,東京,1,330000,290000
2024/05/04,セキュリティソフト,加藤 由美,札幌,5,1000000,800000
2024/05/04,BI分析ツール,松本 浩二,東京,1,730000,580000
2024/05/07,サポートサービス,松本 浩二,名古屋,2,220000,240000
2024/05/07,サポートサービス,加藤 由美,東京,16,800000,730000
2024/05/10,クラウドストレージ,中村 彩,東京,5,750000,870000
2024/05/11,クラウドストレージ,加藤 由美,東京,3,750000,830000
2024/05/11,ネットワーク機器,高橋 美咲,名古屋,1,1380000,1350000
2024/05/12,セキュリティソフト,吉田 誠,名古屋,2,380000,240000
2024/05/12,ERPシステム,松本 浩二,東京,1,570000,680000
2024/05/13,クラウドストレージ,加藤 由美,札幌,2,300000,270000
2024/05/13,セキュリティソフト,山口 恵子,大阪,8,720000,570000
2024/05/14,BI分析ツール,渡辺 洋子,大阪,1,760000,440000
2024/05/14,ネットワーク機器,鈴木 一郎,大阪,2,1340000,940000
2024/05/18,ERPシステム,渡辺 洋子,東京,1,2000000,60000
2024/05/18,ERPシステム,田中 太郎,大阪,1,1860000,850000
2024/05/18,ネットワーク機器,山田 大輔,東京,1,1300000,1010000
2024/05/19,セキュリティソフト,中村 彩,名古屋,2,420000,400000
2024/05/23,ERPシステム,吉田 誠,大阪,1,1950000,410000
2024/05/23,サポートサービス,鈴木 一郎,東京,3,600000,480000
2024/05/26,セキュリティソフト,井上 さくら,福岡,5,600000,470000
2024/05/26,ERPシステム,松本 浩二,大阪,1,1140000,340000
2024/05/26,ERPシステム,佐藤 花子,東京,2,640000,430000
2024/05/27,セキュリティソフト,吉田 誠,大阪,1,340000,200000
2024/05/27,BI分析ツール,山口 恵子,名古屋,1,710000,370000
2024/05/29,ERPシステム,山口 恵子,大阪,1,1600000,790000
2024/05/30,セキュリティソフト,伊藤 健二,東京,1,480000,310000
2024/05/30,BI分析ツール,佐藤 花子,東京,1,550000,260000
2024/05/31,クラウドストレージ,中村 彩,東京,1,110000,150000
2024/05/31,ERPシステム,山口 恵子,大阪,1,1780000,600000
2024/05/31,BI分析ツール,田中 太郎,福岡,1,290000,10000
2024/05/31,BI分析ツール,吉田 誠,福岡,1,280000,70000
2024/06/02,BI分析ツール,小林 剛,東京,1,710000,330000
2024/06/03,サポートサービス,山田 大輔,大阪,7,350000,280000
2024/06/06,ネットワーク機器,山口 恵子,東京,1,1020000,610000
2024/06/09,ネットワーク機器,井上 さくら,大阪,1,880000,430000
2024/06/10,クラウドストレージ,佐藤 花子,名古屋,2,460000,560000
2024/06/12,BI分析ツール,佐藤 花子,名古屋,1,690000,450000
2024/06/12,ネットワーク機器,鈴木 一郎,札幌,1,440000,300000
2024/06/14,ERPシステム,山田 大輔,名古屋,1,1550000,200000
2024/06/16,ERPシステム,中村 彩,東京,1,1430000,1340000
2024/06/17,ERPシステム,田中 太郎,名古屋,1,1740000,30000
2024/06/18,セキュリティソフト,木村 俊夫,札幌,3,1470000,1250000
2024/06/18,ERPシステム,伊藤 健二,東京,1,860000,510000
2024/06/18,BI分析ツール,伊藤 健二,福岡,1,460000,290000
2024/06/18,ネットワーク機器,木村 俊夫,東京,1,1250000,440000
2024/06/18,ネットワーク機器,井上 さくら,名古屋,1,900000,560000
2024/06/19,ネットワーク機器,高橋 美咲,東京,1,530000,580000
2024/06/20,クラウドストレージ,佐藤 花子,東京,4,600000,720000
2024/06/20,ネットワーク機器,井上 さくら,東京,1,1020000,570000
2024/06/21,ERPシステム,小林 剛,東京,3,2610000,3040000
2024/06/21,サポートサービス,山口 恵子,札幌,1,110000,100000
2024/06/23,セキュリティソフト,鈴木 一郎,大阪,2,860000,920000
2024/06/24,BI分析ツール,中村 彩,東京,2,380000,300000
2024/06/25,BI分析ツール,中村 彩,福岡,2,520000,330000
2024/06/25,BI分析ツール,松本 浩二,福岡,1,300000,150000
2024/06/25,サポートサービス,中村 彩,札幌,4,560000,450000
2024/06/26,クラウドストレージ,鈴木 一郎,東京,3,240000,270000
2024/06/26,サポートサービス,加藤 由美,東京,4,520000,440000
2024/06/27,BI分析ツール,松本 浩二,名古屋,1,410000,310000
2024/06/29,サポートサービス,山口 恵子,札幌,6,300000,260000
2024/06/30,クラウドストレージ,小林 剛,東京,10,900000,1070000
2024/06/30,セキュリティソフト,鈴木 一郎,東京,7,1120000,1050000
2024/07/02,セキュリティソフト,山田 大輔,名古屋,3,660000,860000
2024/07/05,ERPシステム,佐藤 花子,大阪,1,660000,130000
2024/07/06,セキュリティソフト,田中 太郎,東京,2,280000,250000
2024/07/06,ネットワーク機器,田中 太郎,大阪,2,760000,940000
2024/07/10,セキュリティソフト,鈴木 一郎,大阪,4,480000,600000
2024/07/10,BI分析ツール,井上 さくら,福岡,2,360000,270000
2024/07/11,サポートサービス,伊藤 健二,名古屋,11,550000,670000
2024/07/13,セキュリティソフト,吉田 誠,大阪,1,410000,230000
2024/07/13,サポートサービス,田中 太郎,東京,6,600000,710000
2024/07/15,クラウドストレージ,佐藤 花子,札幌,20,1000000,810000
2024/07/16,ネットワーク機器,伊藤 健二,東京,1,230000,10000
2024/07/18,ネットワーク機器,松本 浩二,東京,1,350000,380000
2024/07/19,サポートサービス,佐藤 花子,大阪,1,160000,110000
2024/07/20,BI分析ツール,高橋 美咲,大阪,1,530000,330000
2024/07/20,BI分析ツール,高橋 美咲,名古屋,1,800000,610000
2024/07/20,BI分析ツール,吉田 誠,東京,1,520000,190000
2024/07/21,クラウドストレージ,中村 彩,大阪,11,1100000,910000
2024/07/21,セキュリティソフト,山口 恵子,東京,4,320000,340000
2024/07/21,ERPシステム,加藤 由美,名古屋,2,640000,720000
2024/07/22,ERPシステム,渡辺 洋子,名古屋,1,1420000,1380000
2024/07/22,ネットワーク機器,吉田 誠,名古屋,1,930000,330000
2024/07/24,セキュリティソフト,井上 さくら,大阪,5,750000,830000
2024/07/24,BI分析ツール,中村 彩,東京,1,450000,500000
2024/07/25,ERPシステム,山口 恵子,東京,1,1900000,190000
2024/07/25,ERPシステム,加藤 由美,名古屋,1,1350000,590000
2024/07/25,BI分析ツール,中村 彩,大阪,1,450000,190000
2024/07/25,ネットワーク機器,山田 大輔,名古屋,1,1260000,410000
2024/07/25,ネットワーク機器,吉田 誠,大阪,2,820000,880000
2024/07/26,クラウドストレージ,高橋 美咲,札幌,5,900000,780000
2024/07/27,クラウドストレージ,木村 俊夫,大阪,1,90000,40000
2024/07/27,ERPシステム,佐藤 花子,福岡,2,1700000,1670000
2024/07/28,ERPシステム,松本 浩二,東京,1,650000,260000
2024/07/31,ネットワーク機器,伊藤 健二,東京,1,590000,440000
2024/08/02,サポートサービス,木村 俊夫,福岡,4,400000,330000
2024/08/02,サポートサービス,山口 恵子,福岡,1,160000,10000
2024/08/03,BI分析ツール,田中 太郎,東京,1,730000,580000
2024/08/03,サポートサービス,山口 恵子,東京,2,340000,230000
2024/08/04,セキュリティソフト,高橋 美咲,名古屋,3,450000,520000
2024/08/05,クラウドストレージ,山口 恵子,福岡,1,130000,120000
2024/08/05,サポートサービス,小林 剛,東京,6,360000,290000
2024/08/06,クラウドストレージ,木村 俊夫,東京,3,870000,730000
2024/08/08,ERPシステム,伊藤 健二,福岡,1,1110000,1580000
2024/08/09,サポートサービス,佐藤 花子,大阪,2,300000,250000
2024/08/11,BI分析ツール,加藤 由美,名古屋,1,520000,350000
2024/08/12,クラウドストレージ,山田 大輔,東京,2,600000,400000
2024/08/14,ERPシステム,渡辺 洋子,東京,1,1760000,1400000
2024/08/16,サポートサービス,山田 大輔,名古屋,1,40000,30000
2024/08/18,BI分析ツール,中村 彩,東京,2,920000,1060000
2024/08/18,ネットワーク機器,鈴木 一郎,東京,2,1640000,1280000
2024/08/19,セキュリティソフト,田中 太郎,福岡,9,720000,720000
2024/08/22,セキュリティソフト,高橋 美咲,東京,10,800000,820000
2024/08/23,サポートサービス,高橋 美咲,東京,3,210000,180000
2024/08/24,クラウドストレージ,伊藤 健二,名古屋,10,700000,600000
2024/08/24,セキュリティソフト,山田 大輔,札幌,2,620000,530000
2024/08/24,ERPシステム,鈴木 一郎,東京,2,860000,1290000
2024/08/25,クラウドストレージ,吉田 誠,東京,3,690000,550000
2024/08/25,ネットワーク機器,田中 太郎,東京,1,1240000,1000000
2024/08/26,ネットワーク機器,吉田 誠,福岡,1,1080000,940000
2024/08/29,セキュリティソフト,木村 俊夫,札幌,2,380000,360000
2024/08/30,ERPシステム,田中 太郎,札幌,1,1620000,440000
2024/08/31,サポートサービス,木村 俊夫,福岡,1,130000,80000
2024/09/01,ネットワーク機器,加藤 由美,大阪,1,1100000,440000
2024/09/02,ERPシステム,伊藤 健二,東京,1,520000,550000
2024/09/02,BI分析ツール,松本 浩二,大阪,1,600000,730000
2024/09/03,セキュリティソフト,田中 太郎,札幌,3,360000,380000
2024/09/06,クラウドストレージ,加藤 由美,東京,2,540000,630000
2024/09/07,サポートサービス,渡辺 洋子,名古屋,6,420000,480000
2024/09/09,セキュリティソフト,木村 俊夫,大阪,3,600000,660000
2024/09/09,BI分析ツール,鈴木 一郎,東京,1,440000,410000
2024/09/10,クラウドストレージ,鈴木 一郎,東京,7,1050000,1130000
2024/09/12,セキュリティソフト,佐藤 花子,福岡,1,160000,110000
2024/09/12,ネットワーク機器,井上 さくら,札幌,1,680000,600000
2024/09/14,ERPシステム,高橋 美咲,大阪,1,1370000,890000
2024/09/16,ERPシステム,高橋 美咲,大阪,1,1640000,290000
2024/09/16,ERPシステム,松本 浩二,東京,1,1690000,1230000
2024/09/16,BI分析ツール,伊藤 健二,大阪,1,450000,350000
2024/09/18,ERPシステム,松本 浩二,名古屋,1,1270000,1230000
2024/09/19,セキュリティソフト,佐藤 花子,東京,1,290000,10000
2024/09/19,セキュリティソフト,田中 太郎,東京,2,740000,680000
2024/09/19,ネットワーク機器,小林 剛,東京,1,1460000,810000
2024/09/20,サポートサービス,田中 太郎,東京,8,1040000,1170000
2024/09/21,セキュリティソフト,山田 大輔,福岡,2,880000,810000
2024/09/21,セキュリティソフト,中村 彩,東京,1,330000,100000
2024/09/22,クラウドストレージ,渡辺 洋子,東京,2,240000,240000
2024/09/22,セキュリティソフト,鈴木 一郎,東京,2,700000,680000
2024/09/23,クラウドストレージ,吉田 誠,東京,6,360000,360000
2024/09/25,BI分析ツール,松本 浩二,札幌,1,220000,30000
2024/09/26,クラウドストレージ,田中 太郎,札幌,3,300000,310000
2024/09/26,BI分析ツール,加藤 由美,福岡,2,860000,770000
2024/09/26,BI分析ツール,渡辺 洋子,札幌,1,640000,30000
2024/09/27,クラウドストレージ,小林 剛,名古屋,1,190000,140000
2024/09/29,ERPシステム,小林 剛,名古屋,1,1520000,1290000
2024/09/30,ネットワーク機器,田中 太郎,東京,2,2900000,1900000
2024/09/30,サポートサービス,松本 浩二,東京,1,70000,10000
2024/10/02,サポートサービス,加藤 由美,福岡,1,180000,60000
2024/10/03,ネットワーク機器,鈴木 一郎,東京,1,1190000,1010000
2024/10/06,クラウドストレージ,山口 恵子,名古屋,4,560000,670000
2024/10/06,セキュリティソフト,井上 さくら,名古屋,3,390000,300000
2024/10/08,セキュリティソフト,山口 恵子,福岡,2,960000,780000
2024/10/08,ERPシステム,中村 彩,東京,1,710000,490000
2024/10/09,BI分析ツール,伊藤 健二,東京,2,1020000,970000
2024/10/09,ネットワーク機器,渡辺 洋子,東京,1,1170000,240000
2024/10/11,セキュリティソフト,田中 太郎,東京,5,1800000,1300000
2024/10/12,セキュリティソフト,山口 恵子,東京,1,230000,190000
2024/10/13,クラウドストレージ,鈴木 一郎,名古屋,5,450000,530000
2024/10/13,サポートサービス,伊藤 健二,東京,2,360000,310000
2024/10/14,サポートサービス,小林 剛,大阪,1,40000,40000
2024/10/16,ERPシステム,伊藤 健二,東京,2,760000,940000
2024/10/17,サポートサービス,松本 浩二,大阪,2,380000,300000
2024/10/18,BI分析ツール,山田 大輔,大阪,1,210000,170000
2024/10/18,サポートサービス,佐藤 花子,札幌,6,420000,360000
2024/10/19,クラウドストレージ,加藤 由美,東京,3,810000,840000
2024/10/19,ERPシステム,佐藤 花子,東京,1,960000,1240000
2024/10/21,セキュリティソフト,松本 浩二,東京,6,1440000,1030000
2024/10/21,ERPシステム,木村 俊夫,東京,1,730000,1130000
2024/10/22,クラウドストレージ,加藤 由美,東京,2,580000,580000
2024/10/22,ERPシステム,小林 剛,札幌,1,490000,630000
2024/10/22,BI分析ツール,鈴木 一郎,東京,1,770000,110000
2024/10/22,ネットワーク機器,伊藤 健二,大阪,7,2170000,1680000
2024/10/24,BI分析ツール,山田 大輔,東京,1,150000,220000
2024/10/24,BI分析ツール,高橋 美咲,東京,1,760000,200000
2024/10/25,ERPシステム,渡辺 洋子,大阪,1,530000,480000
2024/10/26,ERPシステム,木村 俊夫,大阪,1,1870000,700000
2024/10/27,クラウドストレージ,渡辺 洋子,札幌,1,240000,330000
2024/10/27,サポートサービス,鈴木 一郎,札幌,1,170000,180000
2024/10/27,サポートサービス,高橋 美咲,福岡,4,320000,340000
2024/10/28,ERPシステム,山田 大輔,札幌,1,370000,130000
2024/10/29,ネットワーク機器,高橋 美咲,福岡,1,870000,1010000
2024/10/30,BI分析ツール,鈴木 一郎,大阪,2,820000,760000
2024/10/31,サポートサービス,田中 太郎,大阪,1,70000,100000
2024/11/01,ネットワーク機器,中村 彩,福岡,1,220000,40000
2024/11/02,セキュリティソフト,山口 恵子,東京,5,1450000,1370000
2024/11/03,ERPシステム,山口 恵子,大阪,1,1340000,1330000
2024/11/05,クラウドストレージ,松本 浩二,札幌,4,920000,830000
2024/11/05,クラウドストレージ,木村 俊夫,東京,9,720000,750000
2024/11/07,ERPシステム,井上 さくら,東京,1,1620000,200000
2024/11/07,ERPシステム,小林 剛,名古屋,3,1320000,1490000
2024/11/07,ネットワーク機器,加藤 由美,福岡,1,640000,80000
2024/11/09,ネットワーク機器,伊藤 健二,大阪,2,1540000,1490000
2024/11/12,BI分析ツール,吉田 誠,東京,1,300000,210000
2024/11/12,サポートサービス,伊藤 健二,名古屋,3,360000,280000
2024/11/13,セキュリティソフト,木村 俊夫,東京,1,380000,80000
2024/11/13,セキュリティソフト,田中 太郎,東京,2,620000,620000
2024/11/13,BI分析ツール,中村 彩,大阪,1,620000,120000
2024/11/14,クラウドストレージ,佐藤 花子,名古屋,2,580000,590000
2024/11/14,ネットワーク機器,山口 恵子,札幌,1,980000,1360000
2024/11/15,ERPシステム,伊藤 健二,名古屋,1,460000,670000
2024/11/15,BI分析ツール,井上 さくら,大阪,1,370000,180000
2024/11/17,BI分析ツール,渡辺 洋子,東京,2,1180000,1320000
2024/11/17,ネットワーク機器,山田 大輔,福岡,1,900000,370000
2024/11/18,サポートサービス,佐藤 花子,東京,1,180000,70000
2024/11/19,クラウドストレージ,木村 俊夫,東京,2,440000,500000
2024/11/19,クラウドストレージ,伊藤 健二,東京,2,360000,400000
2024/11/20,サポートサービス,吉田 誠,東京,4,440000,360000
2024/11/20,サポートサービス,伊藤 健二,名古屋,5,550000,470000
2024/11/21,ERPシステム,鈴木 一郎,名古屋,1,1330000,1260000
2024/11/21,ネットワーク機器,中村 彩,東京,1,1090000,380000
2024/11/21,サポートサービス,高橋 美咲,東京,6,720000,600000
2024/11/23,セキュリティソフト,伊藤 健二,東京,1,270000,320000
2024/11/27,ERPシステム,木村 俊夫,大阪,1,1640000,410000
2024/11/27,BI分析ツール,山口 恵子,福岡,1,480000,730000
2024/11/28,ネットワーク機器,伊藤 健二,名古屋,1,1390000,390000
2024/11/29,セキュリティソフト,井上 さくら,名古屋,4,1560000,1370000
2024/11/30,ERPシステム,高橋 美咲,福岡,1,740000,630000
2024/12/01,サポートサービス,山口 恵子,名古屋,3,420000,380000
2024/12/02,ERPシステム,鈴木 一郎,札幌,2,1360000,1580000
2024/12/03,セキュリティソフト,山口 恵子,福岡,4,880000,690000
2024/12/03,BI分析ツール,山田 大輔,大阪,1,690000,230000
2024/12/04,サポートサービス,山田 大輔,福岡,2,80000,80000
2024/12/05,BI分析ツール,山田 大輔,東京,1,760000,860000
2024/12/06,サポートサービス,松本 浩二,大阪,4,440000,460000
2024/12/07,サポートサービス,加藤 由美,札幌,10,400000,410000
2024/12/08,クラウドストレージ,吉田 誠,名古屋,2,440000,380000
2024/12/08,セキュリティソフト,松本 浩二,福岡,4,1360000,1130000
2024/12/10,ERPシステム,山田 大輔,札幌,1,1170000,1450000
2024/12/10,ネットワーク機器,佐藤 花子,福岡,1,620000,790000
2024/12/11,クラウドストレージ,渡辺 洋子,大阪,3,780000,700000
2024/12/12,セキュリティソフト,伊藤 健二,大阪,4,1240000,1170000
2024/12/13,ERPシステム,鈴木 一郎,東京,1,1470000,1550000
2024/12/13,ネットワーク機器,伊藤 健二,大阪,3,2880000,2200000
2024/12/14,ERPシステム,松本 浩二,東京,1,760000,1180000
2024/12/14,BI分析ツール,山口 恵子,東京,2,800000,640000
2024/12/17,ERPシステム,吉田 誠,札幌,1,1150000,480000
2024/12/17,ネットワーク機器,山田 大輔,福岡,1,1060000,1090000
2024/12/17,サポートサービス,吉田 誠,福岡,1,60000,10000
2024/12/19,ネットワーク機器,渡辺 洋子,札幌,1,540000,400000
2024/12/19,サポートサービス,山口 恵子,東京,3,120000,110000
2024/12/20,BI分析ツール,木村 俊夫,東京,1,160000,170000
2024/12/21,セキュリティソフト,井上 さくら,東京,3,1110000,1110000
2024/12/22,クラウドストレージ,井上 さくら,名古屋,7,700000,550000
2024/12/22,ERPシステム,吉田 誠,東京,1,1100000,290000
2024/12/23,クラウドストレージ,鈴木 一郎,東京,5,1100000,940000
2024/12/24,クラウドストレージ,鈴木 一郎,名古屋,5,1000000,770000
2024/12/24,サポートサービス,山田 大輔,東京,3,510000,500000
2024/12/25,BI分析ツール,田中 太郎,名古屋,2,780000,870000
2025/01/01,サポートサービス,井上 さくら,大阪,1,180000,180000
2025/01/02,サポートサービス,佐藤 花子,名古屋,2,160000,160000
2025/01/03,セキュリティソフト,佐藤 花子,名古屋,1,400000,370000
2025/01/04,クラウドストレージ,高橋 美咲,大阪,3,600000,620000
2025/01/04,クラウドストレージ,伊藤 健二,福岡,1,290000,140000
2025/01/04,クラウドストレージ,渡辺 洋子,名古屋,7,770000,850000
2025/01/04,ERPシステム,田中 太郎,福岡,1,410000,620000
2025/01/05,セキュリティソフト,木村 俊夫,東京,1,140000,10000
2025/01/05,ネットワーク機器,佐藤 花子,福岡,1,1440000,610000
2025/01/06,サポートサービス,高橋 美咲,東京,1,130000,110000
2025/01/10,クラウドストレージ,鈴木 一郎,東京,1,140000,100000
2025/01/13,BI分析ツール,吉田 誠,福岡,1,680000,680000
2025/01/16,セキュリティソフト,中村 彩,札幌,4,880000,760000
2025/01/16,BI分析ツール,佐藤 花子,東京,1,360000,150000
2025/01/16,ネットワーク機器,田中 太郎,東京,1,1320000,860000
2025/01/17,サポートサービス,田中 太郎,大阪,2,220000,190000
2025/01/20,サポートサービス,吉田 誠,東京,1,200000,130000
2025/01/21,サポートサービス,佐藤 花子,大阪,2,200000,180000
2025/01/22,セキュリティソフト,伊藤 健二,大阪,5,1300000,1020000
2025/01/23,BI分析ツール,井上 さくら,東京,1,220000,330000
2025/01/25,ERPシステム,吉田 誠,東京,1,1990000,1730000
2025/01/26,クラウドストレージ,木村 俊夫,東京,3,600000,740000
2025/01/26,BI分析ツール,木村 俊夫,大阪,1,680000,800000
2025/01/28,ERPシステム,木村 俊夫,大阪,1,1210000,670000
2025/01/28,BI分析ツール,鈴木 一郎,大阪,1,710000,220000
2025/01/28,サポートサービス,佐藤 花子,福岡,1,170000,170000
2025/01/29,ERPシステム,伊藤 健二,福岡,1,1890000,1590000
2025/01/29,ネットワーク機器,田中 太郎,名古屋,1,1000000,880000
2025/01/29,サポートサービス,渡辺 洋子,東京,1,170000,40000
2025/01/30,ネットワーク機器,吉田 誠,福岡,1,770000,730000
2025/01/30,サポートサービス,山口 恵子,名古屋,1,180000,220000
2025/01/31,セキュリティソフト,井上 さくら,東京,8,1120000,940000
2025/02/04,セキュリティソフト,加藤 由美,東京,2,480000,510000
2025/02/04,ERPシステム,中村 彩,名古屋,1,1450000,910000
2025/02/04,BI分析ツール,小林 剛,福岡,1,560000,600000
2025/02/05,BI分析ツール,加藤 由美,福岡,1,680000,510000
2025/02/05,サポートサービス,山口 恵子,名古屋,2,80000,60000
2025/02/07,ネットワーク機器,山口 恵子,名古屋,1,530000,490000
2025/02/07,ネットワーク機器,小林 剛,大阪,1,650000,190000
2025/02/09,サポートサービス,松本 浩二,大阪,1,90000,70000
2025/02/10,ネットワーク機器,山口 恵子,東京,1,1020000,460000
2025/02/10,サポートサービス,井上 さくら,大阪,2,280000,330000
2025/02/11,クラウドストレージ,中村 彩,名古屋,2,480000,390000
2025/02/12,ネットワーク機器,小林 剛,大阪,1,1100000,560000
2025/02/13,BI分析ツール,伊藤 健二,東京,1,460000,590000
2025/02/14,セキュリティソフト,木村 俊夫,福岡,2,300000,440000
2025/02/15,クラウドストレージ,山口 恵子,大阪,4,640000,460000
2025/02/18,クラウドストレージ,松本 浩二,名古屋,5,400000,320000
2025/02/19,ERPシステム,鈴木 一郎,札幌,1,1590000,2050000
2025/02/20,クラウドストレージ,渡辺 洋子,東京,6,300000,230000
2025/02/20,ネットワーク機器,吉田 誠,名古屋,1,1260000,460000
2025/02/22,ERPシステム,小林 剛,名古屋,1,310000,120000
2025/02/22,BI分析ツール,伊藤 健二,大阪,1,580000,450000
2025/02/22,ネットワーク機器,木村 俊夫,福岡,1,930000,610000
2025/02/22,サポートサービス,井上 さくら,東京,5,1000000,1000000
2025/02/23,ネットワーク機器,小林 剛,東京,2,460000,410000
2025/02/24,セキュリティソフト,中村 彩,福岡,8,1680000,2250000
2025/02/25,クラウドストレージ,松本 浩二,東京,3,750000,580000
2025/02/25,ERPシステム,木村 俊夫,大阪,1,1710000,1710000
2025/02/27,BI分析ツール,鈴木 一郎,大阪,1,320000,110000
2025/02/28,クラウドストレージ,渡辺 洋子,名古屋,3,630000,570000
2025/03/01,BI分析ツール,中村 彩,大阪,1,800000,30000
2025/03/01,ネットワーク機器,佐藤 花子,東京,3,870000,850000
2025/03/03,ERPシステム,渡辺 洋子,東京,1,1140000,610000
2025/03/03,サポートサービス,松本 浩二,札幌,1,120000,60000
2025/03/04,サポートサービス,山田 大輔,福岡,1,150000,10000
2025/03/05,セキュリティソフト,松本 浩二,札幌,6,660000,630000
2025/03/05,ネットワーク機器,松本 浩二,東京,1,650000,680000
2025/03/07,ERPシステム,松本 浩二,大阪,1,850000,510000
2025/03/08,ERPシステム,小林 剛,福岡,1,1510000,190000
2025/03/10,サポートサービス,中村 彩,東京,13,390000,410000
2025/03/10,サポートサービス,鈴木 一郎,名古屋,1,100000,30000
2025/03/11,セキュリティソフト,井上 さくら,名古屋,2,940000,820000
2025/03/11,ネットワーク機器,加藤 由美,福岡,2,760000,560000
2025/03/12,クラウドストレージ,松本 浩二,名古屋,5,550000,660000
2025/03/12,ERPシステム,田中 太郎,東京,1,1960000,1400000
2025/03/12,BI分析ツール,木村 俊夫,名古屋,1,520000,700000
2025/03/15,ネットワーク機器,山田 大輔,東京,1,860000,820000
2025/03/17,BI分析ツール,小林 剛,東京,1,560000,300000
2025/03/17,BI分析ツール,鈴木 一郎,札幌,2,540000,630000
2025/03/17,サポートサービス,伊藤 健二,札幌,2,400000,420000
2025/03/18,クラウドストレージ,伊藤 健二,大阪,5,550000,660000
2025/03/19,クラウドストレージ,佐藤 花子,東京,1,260000,330000
2025/03/20,クラウドストレージ,山口 恵子,大阪,1,100000,170000
2025/03/20,セキュリティソフト,松本 浩二,大阪,5,1950000,1760000
2025/03/20,サポートサービス,伊藤 健二,名古屋,1,70000,20000
2025/03/22,ERPシステム,中村 彩,東京,1,1180000,1150000
2025/03/22,サポートサービス,田中 太郎,大阪,3,420000,480000
2025/03/23,ネットワーク機器,山田 大輔,東京,1,1230000,650000
2025/03/24,クラウドストレージ,田中 太郎,大阪,2,340000,480000
2025/03/25,クラウドストレージ,伊藤 健二,東京,2,440000,540000
2025/03/25,BI分析ツール,吉田 誠,東京,1,150000,90000
2025/03/26,サポートサービス,鈴木 一郎,東京,1,200000,200000
2025/03/27,BI分析ツール,井上 さくら,名古屋,1,420000,200000
2025/03/29,ERPシステム,加藤 由美,福岡,1,1940000,1490000
2025/03/30,セキュリティソフト,佐藤 花子,名古屋,1,300000,380000
2025/03/30,BI分析ツール,高橋 美咲,大阪,2,560000,570000
2025/04/01,ERPシステム,山口 恵子,名古屋,2,1720000,1720000
2025/04/05,セキュリティソフト,高橋 美咲,東京,2,980000,1340000
2025/04/05,BI分析ツール,伊藤 健二,名古屋,3,1200000,880000
2025/04/06,クラウドストレージ,高橋 美咲,東京,5,650000,480000
2025/04/06,クラウドストレージ,松本 浩二,大阪,3,780000,580000
2025/04/08,クラウドストレージ,井上 さくら,名古屋,19,1140000,910000
2025/04/08,ERPシステム,伊藤 健二,福岡,1,1410000,1110000
2025/04/08,ネットワーク機器,鈴木 一郎,大阪,1,940000,410000
2025/04/09,BI分析ツール,山口 恵子,東京,1,240000,190000
2025/04/11,セキュリティソフト,佐藤 花子,福岡,1,470000,500000
2025/04/11,ERPシステム,吉田 誠,名古屋,2,1280000,960000
2025/04/12,セキュリティソフト,中村 彩,大阪,1,280000,390000
2025/04/12,ネットワーク機器,佐藤 花子,東京,1,1500000,630000
2025/04/12,サポートサービス,田中 太郎,札幌,2,80000,60000
2025/04/13,ネットワーク機器,田中 太郎,名古屋,1,1480000,380000
2025/04/13,サポートサービス,佐藤 花子,名古屋,3,390000,360000
2025/04/15,サポートサービス,吉田 誠,福岡,1,190000,40000
2025/04/16,サポートサービス,加藤 由美,大阪,2,220000,200000
2025/04/19,ネットワーク機器,松本 浩二,大阪,1,620000,380000
2025/04/20,クラウドストレージ,中村 彩,大阪,4,880000,720000
2025/04/22,セキュリティソフト,吉田 誠,東京,2,940000,1160000
2025/04/24,ネットワーク機器,鈴木 一郎,東京,1,1340000,700000
2025/04/25,ネットワーク機器,山口 恵子,名古屋,1,570000,330000
2025/04/26,ERPシステム,中村 彩,大阪,1,1520000,1300000
2025/04/27,BI分析ツール,井上 さくら,大阪,8,1360000,1170000
2025/04/28,BI分析ツール,井上 さくら,大阪,1,180000,140000
2025/04/29,ネットワーク機器,田中 太郎,東京,1,1110000,540000
2025/04/30,サポートサービス,山田 大輔,名古屋,11,880000,890000
2025/05/01,BI分析ツール,小林 剛,大阪,1,700000,560000
2025/05/02,セキュリティソフト,小林 剛,札幌,4,760000,970000
2025/05/04,ネットワーク機器,山田 大輔,名古屋,1,590000,360000
2025/05/04,サポートサービス,佐藤 花子,東京,8,640000,560000
2025/05/05,セキュリティソフト,加藤 由美,大阪,1,460000,220000
2025/05/06,クラウドストレージ,吉田 誠,東京,4,320000,310000
2025/05/06,クラウドストレージ,渡辺 洋子,名古屋,1,300000,370000
2025/05/06,セキュリティソフト,井上 さくら,東京,1,500000,830000
2025/05/06,ERPシステム,木村 俊夫,大阪,1,1170000,1100000
2025/05/06,ERPシステム,佐藤 花子,東京,1,1810000,210000
2025/05/07,ネットワーク機器,伊藤 健二,福岡,1,840000,10000
2025/05/08,サポートサービス,松本 浩二,東京,2,300000,290000
2025/05/09,セキュリティソフト,高橋 美咲,大阪,9,1170000,1450000
2025/05/09,ERPシステム,鈴木 一郎,東京,1,1280000,1050000
2025/05/11,ネットワーク機器,加藤 由美,東京,1,1280000,1060000
2025/05/12,クラウドストレージ,吉田 誠,大阪,1,200000,170000
2025/05/12,ネットワーク機器,吉田 誠,東京,1,900000,10000
2025/05/14,ネットワーク機器,山田 大輔,大阪,1,720000,740000
2025/05/15,サポートサービス,加藤 由美,名古屋,1,200000,100000
2025/05/17,ERPシステム,小林 剛,福岡,1,810000,760000
2025/05/18,BI分析ツール,山口 恵子,大阪,1,200000,30000
2025/05/20,クラウドストレージ,加藤 由美,東京,13,1430000,1440000
2025/05/20,ERPシステム,吉田 誠,大阪,1,1590000,1010000
2025/05/20,BI分析ツール,松本 浩二,大阪,2,880000,720000
2025/05/22,ERPシステム,加藤 由美,東京,2,1360000,1040000
2025/05/23,クラウドストレージ,田中 太郎,東京,3,540000,470000
2025/05/23,ネットワーク機器,鈴木 一郎,東京,1,1430000,740000
2025/05/24,サポートサービス,鈴木 一郎,東京,17,680000,630000
2025/05/25,BI分析ツール,渡辺 洋子,大阪,1,630000,460000
2025/05/26,ネットワーク機器,伊藤 健二,札幌,1,1430000,530000
2025/05/27,BI分析ツール,山田 大輔,東京,1,270000,100000
2025/05/29,BI分析ツール,松本 浩二,東京,1,760000,440000
2025/05/31,BI分析ツール,伊藤 健二,大阪,1,250000,120000
2025/06/01,セキュリティソフト,木村 俊夫,東京,1,120000,210000
2025/06/02,クラウドストレージ,中村 彩,東京,1,200000,30000
2025/06/04,ERPシステム,井上 さくら,名古屋,1,1670000,1260000
2025/06/06,クラウドストレージ,木村 俊夫,福岡,1,260000,340000
2025/06/07,セキュリティソフト,山口 恵子,福岡,4,1040000,1370000
2025/06/07,ネットワーク機器,山口 恵子,東京,1,800000,870000
2025/06/07,ネットワーク機器,高橋 美咲,東京,1,870000,270000
2025/06/08,BI分析ツール,渡辺 洋子,大阪,1,670000,30000
2025/06/09,ERPシステム,山口 恵子,大阪,2,1880000,1970000
2025/06/11,BI分析ツール,山口 恵子,福岡,1,160000,160000
2025/06/16,ネットワーク機器,井上 さくら,大阪,1,830000,1130000
2025/06/17,セキュリティソフト,渡辺 洋子,東京,2,900000,1070000
2025/06/17,ERPシステム,加藤 由美,大阪,1,1260000,510000
2025/06/18,サポートサービス,井上 さくら,大阪,18,720000,590000
2025/06/19,セキュリティソフト,高橋 美咲,大阪,1,250000,480000
2025/06/20,クラウドストレージ,高橋 美咲,東京,5,700000,890000
2025/06/21,クラウドストレージ,小林 剛,大阪,2,480000,550000
2025/06/22,BI分析ツール,伊藤 健二,東京,1,460000,90000
2025/06/23,BI分析ツール,佐藤 花子,大阪,2,1160000,900000
2025/06/24,セキュリティソフト,中村 彩,札幌,2,400000,540000
2025/06/24,ネットワーク機器,松本 浩二,東京,2,1180000,1410000
2025/06/25,クラウドストレージ,加藤 由美,東京,3,360000,470000
2025/06/25,サポートサービス,中村 彩,福岡,6,780000,580000
2025/06/26,ERPシステム,松本 浩二,東京,1,920000,350000
2025/06/26,BI分析ツール,中村 彩,東京,4,1480000,1420000
2025/06/27,クラウドストレージ,渡辺 洋子,東京,8,480000,640000
2025/06/28,サポートサービス,中村 彩,東京,6,660000,530000
2025/06/29,ERPシステム,吉田 誠,大阪,1,1470000,1430000
2025/07/03,BI分析ツール,高橋 美咲,東京,1,580000,40000
2025/07/03,BI分析ツール,山口 恵子,東京,1,520000,310000
2025/07/03,ネットワーク機器,伊藤 健二,東京,1,1190000,80000
2025/07/05,セキュリティソフト,鈴木 一郎,大阪,10,800000,740000
2025/07/05,ネットワーク機器,中村 彩,大阪,1,920000,1140000
2025/07/06,クラウドストレージ,伊藤 健二,大阪,5,600000,570000
2025/07/06,BI分析ツール,伊藤 健二,福岡,1,650000,230000
2025/07/09,クラウドストレージ,渡辺 洋子,東京,4,960000,860000
2025/07/09,クラウドストレージ,山田 大輔,東京,1,200000,10000
2025/07/09,ERPシステム,山田 大輔,東京,5,1750000,1960000
2025/07/09,ネットワーク機器,小林 剛,福岡,1,530000,710000
2025/07/10,サポートサービス,高橋 美咲,福岡,2,400000,440000
2025/07/12,ERPシステム,高橋 美咲,大阪,1,1850000,220000
2025/07/12,サポートサービス,伊藤 健二,東京,3,510000,390000
2025/07/13,BI分析ツール,山口 恵子,大阪,1,610000,490000
2025/07/16,セキュリティソフト,木村 俊夫,福岡,5,800000,650000
2025/07/16,サポートサービス,鈴木 一郎,東京,4,440000,360000
2025/07/18,クラウドストレージ,松本 浩二,東京,1,270000,260000
2025/07/18,ERPシステム,吉田 誠,大阪,1,1960000,1740000
2025/07/19,BI分析ツール,山田 大輔,東京,1,720000,440000
2025/07/20,クラウドストレージ,伊藤 健二,大阪,5,850000,730000
2025/07/20,BI分析ツール,鈴木 一郎,名古屋,2,340000,320000
2025/07/20,ネットワーク機器,田中 太郎,名古屋,1,270000,30000
2025/07/21,ネットワーク機器,井上 さくら,大阪,1,1030000,510000
2025/07/24,セキュリティソフト,小林 剛,名古屋,2,820000,730000
2025/07/26,セキュリティソフト,伊藤 健二,東京,1,390000,500000
2025/07/26,セキュリティソフト,田中 太郎,東京,2,880000,780000
2025/07/26,ERPシステム,渡辺 洋子,東京,1,1020000,600000
2025/07/28,クラウドストレージ,鈴木 一郎,札幌,2,460000,400000
2025/07/28,BI分析ツール,山口 恵子,名古屋,1,470000,470000
2025/07/29,ネットワーク機器,小林 剛,大阪,1,890000,990000
2025/07/30,ERPシステム,中村 彩,名古屋,1,1600000,840000
2025/07/30,BI分析ツール,高橋 美咲,東京,1,250000,210000
2025/07/30,ネットワーク機器,加藤 由美,大阪,1,650000,100000
2025/07/30,サポートサービス,小林 剛,福岡,16,480000,440000
2025/07/31,セキュリティソフト,田中 太郎,東京,1,180000,170000
2025/08/01,ERPシステム,渡辺 洋子,大阪,1,1570000,980000
2025/08/04,セキュリティソフト,中村 彩,大阪,4,1920000,1740000
2025/08/05,セキュリティソフト,山口 恵子,大阪,5,1250000,1220000
2025/08/05,ERPシステム,渡辺 洋子,東京,1,380000,340000
2025/08/06,クラウドストレージ,井上 さくら,東京,5,850000,750000
2025/08/07,ERPシステム,田中 太郎,東京,1,670000,180000
2025/08/07,BI分析ツール,鈴木 一郎,大阪,1,560000,250000
2025/08/08,クラウドストレージ,佐藤 花子,大阪,4,520000,520000
2025/08/10,セキュリティソフト,渡辺 洋子,東京,2,400000,440000
2025/08/10,ERPシステム,佐藤 花子,大阪,1,1300000,490000
2025/08/10,BI分析ツール,山口 恵子,札幌,4,800000,640000
2025/08/11,ERPシステム,高橋 美咲,福岡,1,760000,1310000
2025/08/13,BI分析ツール,伊藤 健二,大阪,1,300000,160000
2025/08/14,ERPシステム,井上 さくら,東京,1,940000,1330000
2025/08/16,ERPシステム,佐藤 花子,札幌,1,330000,420000
2025/08/16,BI分析ツール,高橋 美咲,東京,1,530000,660000
2025/08/16,ネットワーク機器,渡辺 洋子,名古屋,1,590000,420000
2025/08/18,サポートサービス,松本 浩二,福岡,3,420000,580000
2025/08/21,クラウドストレージ,小林 剛,名古屋,2,240000,170000
2025/08/21,サポートサービス,田中 太郎,名古屋,1,90000,110000
2025/08/22,BI分析ツール,井上 さくら,名古屋,1,210000,130000
2025/08/22,BI分析ツール,高橋 美咲,大阪,2,580000,480000
2025/08/23,クラウドストレージ,松本 浩二,名古屋,4,960000,840000
2025/08/23,ネットワーク機器,鈴木 一郎,大阪,3,2490000,2790000
2025/08/23,ネットワーク機器,木村 俊夫,札幌,1,1060000,30000
2025/08/24,クラウドストレージ,伊藤 健二,大阪,3,390000,410000
2025/08/25,サポートサービス,山口 恵子,東京,3,420000,520000
2025/08/26,ネットワーク機器,田中 太郎,東京,1,350000,140000
2025/08/26,サポートサービス,中村 彩,名古屋,7,280000,340000
2025/08/31,BI分析ツール,田中 太郎,東京,1,560000,60000
2025/09/01,ネットワーク機器,小林 剛,東京,1,240000,270000
2025/09/02,セキュリティソフト,井上 さくら,東京,4,760000,720000
2025/09/02,ネットワーク機器,田中 太郎,東京,1,970000,560000
2025/09/03,セキュリティソフト,中村 彩,東京,6,840000,800000
2025/09/04,BI分析ツール,松本 浩二,東京,1,360000,470000
2025/09/05,セキュリティソフト,加藤 由美,大阪,9,900000,890000
2025/09/06,サポートサービス,加藤 由美,大阪,3,180000,200000
2025/09/09,ネットワーク機器,高橋 美咲,福岡,1,760000,310000
2025/09/10,ネットワーク機器,松本 浩二,福岡,2,500000,530000
2025/09/12,ERPシステム,井上 さくら,大阪,1,440000,10000
2025/09/12,ERPシステム,田中 太郎,名古屋,1,1650000,1220000
2025/09/12,ネットワーク機器,木村 俊夫,大阪,1,900000,440000
2025/09/13,クラウドストレージ,木村 俊夫,東京,8,800000,1010000
2025/09/13,ネットワーク機器,佐藤 花子,東京,1,590000,410000
2025/09/14,ERPシステム,佐藤 花子,札幌,1,1070000,870000
2025/09/14,BI分析ツール,小林 剛,東京,1,660000,630000
2025/09/15,ネットワーク機器,鈴木 一郎,東京,1,1110000,150000
2025/09/15,ネットワーク機器,木村 俊夫,大阪,1,1130000,560000
2025/09/16,サポートサービス,山口 恵子,福岡,9,360000,470000
2025/09/17,クラウドストレージ,松本 浩二,大阪,5,800000,900000
2025/09/17,セキュリティソフト,吉田 誠,大阪,2,640000,460000
2025/09/18,ERPシステム,佐藤 花子,東京,1,1620000,1230000
2025/09/21,クラウドストレージ,山口 恵子,東京,7,1050000,1250000
2025/09/22,セキュリティソフト,山口 恵子,大阪,2,940000,930000
2025/09/22,BI分析ツール,小林 剛,札幌,2,700000,650000
2025/09/23,BI分析ツール,木村 俊夫,東京,1,710000,480000
2025/09/23,サポートサービス,佐藤 花子,名古屋,2,300000,370000
2025/09/24,クラウドストレージ,井上 さくら,東京,1,220000,10000
2025/09/24,ERPシステム,小林 剛,東京,1,890000,1110000
2025/09/24,ネットワーク機器,伊藤 健二,福岡,1,790000,680000
2025/09/27,セキュリティソフト,渡辺 洋子,東京,1,110000,160000
2025/09/27,ERPシステム,小林 剛,名古屋,1,790000,620000
2025/09/27,サポートサービス,渡辺 洋子,福岡,2,260000,370000
2025/09/29,ERPシステム,吉田 誠,札幌,1,1750000,850000
2025/09/29,BI分析ツール,小林 剛,札幌,1,550000,570000
2025/09/29,サポートサービス,山田 大輔,札幌,2,320000,400000
2025/10/04,サポートサービス,鈴木 一郎,東京,9,450000,410000
2025/10/05,BI分析ツール,田中 太郎,東京,3,1530000,1270000
2025/10/06,ERPシステム,井上 さくら,札幌,1,1870000,1460000
2025/10/07,セキュリティソフト,高橋 美咲,大阪,2,880000,760000
2025/10/10,ERPシステム,加藤 由美,東京,1,1430000,760000
2025/10/11,サポートサービス,小林 剛,札幌,1,170000,10000
2025/10/12,ERPシステム,木村 俊夫,福岡,3,1230000,1370000
2025/10/13,クラウドストレージ,小林 剛,東京,4,920000,1220000
2025/10/13,セキュリティソフト,高橋 美咲,東京,3,1230000,1220000
2025/10/13,ネットワーク機器,伊藤 健二,東京,2,620000,640000
2025/10/15,クラウドストレージ,伊藤 健二,名古屋,1,180000,330000
2025/10/16,セキュリティソフト,松本 浩二,大阪,5,1250000,1330000
2025/10/16,サポートサービス,田中 太郎,東京,15,450000,410000
2025/10/17,ネットワーク機器,高橋 美咲,名古屋,1,920000,730000
2025/10/18,サポートサービス,伊藤 健二,東京,2,380000,310000
2025/10/19,ネットワーク機器,田中 太郎,大阪,2,1780000,1170000
2025/10/20,クラウドストレージ,鈴木 一郎,東京,10,900000,1130000
2025/10/20,サポートサービス,山口 恵子,東京,1,150000,110000
2025/10/21,セキュリティソフト,佐藤 花子,東京,2,880000,840000
2025/10/22,ネットワーク機器,佐藤 花子,東京,4,880000,810000
2025/10/24,クラウドストレージ,加藤 由美,名古屋,2,400000,500000
2025/10/25,クラウドストレージ,山田 大輔,東京,1,220000,110000
2025/10/25,ERPシステム,吉田 誠,東京,3,2430000,2620000
2025/10/27,BI分析ツール,伊藤 健二,大阪,1,290000,160000
2025/10/28,BI分析ツール,渡辺 洋子,東京,1,170000,80000
2025/10/28,サポートサービス,吉田 誠,東京,1,140000,180000
2025/10/29,ネットワーク機器,吉田 誠,福岡,1,890000,780000
2025/10/29,サポートサービス,高橋 美咲,札幌,4,480000,470000
2025/10/30,BI分析ツール,高橋 美咲,大阪,4,1680000,1420000
2025/11/02,ERPシステム,松本 浩二,札幌,1,1340000,1060000
2025/11/02,BI分析ツール,中村 彩,大阪,2,560000,670000
2025/11/03,サポートサービス,山口 恵子,名古屋,2,300000,410000
2025/11/05,クラウドストレージ,吉田 誠,東京,9,990000,750000
2025/11/05,ERPシステム,山田 大輔,東京,1,990000,730000
2025/11/05,ネットワーク機器,山口 恵子,大阪,3,1290000,970000
2025/11/06,ERPシステム,松本 浩二,東京,1,810000,770000
2025/11/07,ERPシステム,木村 俊夫,札幌,1,750000,930000
2025/11/08,ERPシステム,井上 さくら,大阪,1,1420000,1100000
2025/11/10,セキュリティソフト,木村 俊夫,名古屋,2,960000,940000
2025/11/11,クラウドストレージ,吉田 誠,福岡,4,880000,760000
2025/11/11,セキュリティソフト,松本 浩二,東京,6,1020000,1270000
2025/11/12,サポートサービス,加藤 由美,札幌,3,570000,540000
2025/11/14,セキュリティソフト,鈴木 一郎,東京,2,320000,320000
2025/11/14,セキュリティソフト,加藤 由美,東京,2,940000,1490000
2025/11/15,クラウドストレージ,伊藤 健二,名古屋,4,360000,270000
2025/11/15,セキュリティソフト,加藤 由美,東京,1,440000,250000
2025/11/15,ネットワーク機器,松本 浩二,大阪,2,1320000,880000
2025/11/15,ネットワーク機器,山田 大輔,大阪,3,1620000,1280000
2025/11/15,サポートサービス,小林 剛,東京,3,450000,470000
2025/11/16,ERPシステム,井上 さくら,大阪,1,1130000,570000
2025/11/16,ERPシステム,山田 大輔,大阪,1,930000,1310000
2025/11/17,BI分析ツール,木村 俊夫,札幌,1,200000,340000
2025/11/17,サポートサービス,木村 俊夫,東京,5,400000,430000
2025/11/18,クラウドストレージ,木村 俊夫,東京,2,420000,290000
2025/11/20,クラウドストレージ,鈴木 一郎,名古屋,1,290000,180000
2025/11/21,BI分析ツール,山口 恵子,東京,1,650000,280000
2025/11/21,ネットワーク機器,田中 太郎,東京,1,1350000,110000
2025/11/21,サポートサービス,鈴木 一郎,福岡,1,70000,70000
2025/11/23,BI分析ツール,小林 剛,名古屋,1,640000,550000
2025/11/23,サポートサービス,松本 浩二,名古屋,1,80000,60000
2025/11/26,BI分析ツール,高橋 美咲,東京,2,420000,670000
2025/11/27,ネットワーク機器,木村 俊夫,大阪,2,1420000,1080000
2025/11/29,セキュリティソフト,高橋 美咲,名古屋,1,220000,50000
2025/11/29,BI分析ツール,木村 俊夫,東京,1,650000,540000
2025/11/30,クラウドストレージ,木村 俊夫,東京,7,1610000,1190000
2025/12/01,クラウドストレージ,木村 俊夫,大阪,8,960000,750000
2025/12/03,クラウドストレージ,吉田 誠,大阪,1,240000,10000
2025/12/03,ERPシステム,山田 大輔,大阪,1,1030000,970000
2025/12/03,サポートサービス,渡辺 洋子,札幌,11,330000,370000
2025/12/05,ネットワーク機器,木村 俊夫,福岡,1,1370000,580000
2025/12/05,ネットワーク機器,中村 彩,名古屋,1,1050000,1160000
2025/12/05,サポートサービス,井上 さくら,東京,1,200000,140000
2025/12/06,セキュリティソフト,山口 恵子,大阪,1,370000,180000
2025/12/07,BI分析ツール,吉田 誠,東京,3,480000,550000
2025/12/09,サポートサービス,鈴木 一郎,大阪,3,450000,470000
2025/12/11,BI分析ツール,伊藤 健二,名古屋,1,510000,100000
2025/12/12,BI分析ツール,伊藤 健二,大阪,1,540000,740000
2025/12/12,サポートサービス,山口 恵子,福岡,4,480000,550000
2025/12/14,クラウドストレージ,田中 太郎,東京,13,1430000,1220000
2025/12/15,クラウドストレージ,吉田 誠,東京,7,420000,320000
2025/12/16,ERPシステム,伊藤 健二,大阪,1,1110000,970000
2025/12/16,ネットワーク機器,木村 俊夫,名古屋,1,1250000,1590000
2025/12/18,セキュリティソフト,佐藤 花子,名古屋,2,200000,220000
2025/12/18,BI分析ツール,松本 浩二,東京,1,560000,700000
2025/12/19,セキュリティソフト,渡辺 洋子,福岡,7,1960000,2050000
2025/12/20,クラウドストレージ,井上 さくら,東京,11,990000,810000
2025/12/20,クラウドストレージ,井上 さくら,大阪,3,690000,650000
2025/12/20,セキュリティソフト,松本 浩二,大阪,3,360000,330000
2025/12/20,ERPシステム,渡辺 洋子,札幌,1,1890000,1280000
2025/12/21,BI分析ツール,渡辺 洋子,東京,1,570000,880000
2025/12/21,ネットワーク機器,加藤 由美,名古屋,1,960000,1380000
2025/12/23,セキュリティソフト,佐藤 花子,東京,1,430000,580000
2025/12/23,ERPシステム,加藤 由美,大阪,1,1870000,1130000
2025/12/24,ERPシステム,中村 彩,大阪,1,1910000,200000
2025/12/26,セキュリティソフト,佐藤 花子,名古屋,8,1280000,1360000
2025/12/26,ERPシステム,木村 俊夫,大阪,2,1520000,1340000
2025/12/26,BI分析ツール,井上 さくら,東京,2,360000,360000
2025/12/27,サポートサービス,伊藤 健二,大阪,14,560000,620000
2025/12/30,ERPシステム,高橋 美咲,東京,1,1040000,1160000
